category,recommended_action,name,relative_path,kind,suffix,size_bytes,size_mb,last_write_time,risk_note
support_script,review_usage,__init__.py,__init__.py,file,.py,232,0.0,2026-05-23T18:05:28.603796+00:00,
runtime_cache,ignore,__pycache__,__pycache__,directory,,,,2026-06-02T14:39:05.715225+00:00,
source_directory,keep_directory,archive,archive,directory,,,,2026-05-31T10:15:21.251436+00:00,
legacy_or_research_script,keep_but_do_not_prioritize,aster_agent_decision_engine.py,aster_agent_decision_engine.py,file,.py,8663,0.009,2026-05-24T00:26:25.755910+00:00,
legacy_or_research_script,keep_but_do_not_prioritize,aster_agent_foundation.py,aster_agent_foundation.py,file,.py,25914,0.026,2026-05-24T00:12:16.433692+00:00,
active_core_script,keep_root,aster_api_capacity_probe.py,aster_api_capacity_probe.py,file,.py,10373,0.01,2026-06-01T19:41:04.129615+00:00,do_not_move_without_import_update
generated_latest_artifact,generated_do_not_edit,aster_api_capacity_probe_latest.json,aster_api_capacity_probe_latest.json,file,.json,11320,0.011,2026-06-02T03:21:31.891675+00:00,safe_to_regenerate
active_core_script,keep_root,aster_asset_strategy_recommendations.py,aster_asset_strategy_recommendations.py,file,.py,19169,0.019,2026-06-02T03:51:28.056900+00:00,do_not_move_without_import_update
generated_latest_artifact,generated_do_not_edit,aster_asset_strategy_recommendations_latest.csv,aster_asset_strategy_recommendations_latest.csv,file,.csv,28532,0.029,2026-06-02T14:36:23.347774+00:00,safe_to_regenerate
generated_latest_artifact,generated_do_not_edit,aster_asset_strategy_recommendations_latest.json,aster_asset_strategy_recommendations_latest.json,file,.json,133972,0.134,2026-06-02T14:36:23.335256+00:00,safe_to_regenerate
active_core_script,keep_root,aster_candidate_validation_queue.py,aster_candidate_validation_queue.py,file,.py,18397,0.018,2026-06-02T03:35:01.761527+00:00,do_not_move_without_import_update
generated_latest_artifact,generated_do_not_edit,aster_candidate_validation_queue_latest.csv,aster_candidate_validation_queue_latest.csv,file,.csv,11884,0.012,2026-06-02T14:36:24.512456+00:00,safe_to_regenerate
generated_latest_artifact,generated_do_not_edit,aster_candidate_validation_queue_latest.json,aster_candidate_validation_queue_latest.json,file,.json,302369,0.302,2026-06-02T14:36:24.503352+00:00,safe_to_regenerate
compatibility_wrapper,keep_root_wrapper,aster_data_source_validation.py,aster_data_source_validation.py,file,.py,123,0.0,2026-05-31T12:23:37.575718+00:00,
generated_latest_artifact,generated_do_not_edit,aster_data_source_validation_latest.json,aster_data_source_validation_latest.json,file,.json,36522,0.037,2026-05-31T11:54:14.224194+00:00,safe_to_regenerate
support_script,review_usage,aster_demo_testnet_probe.py,aster_demo_testnet_probe.py,file,.py,23103,0.023,2026-06-01T17:52:38.019758+00:00,
compatibility_wrapper,keep_root_wrapper,aster_dual_track_research_report.py,aster_dual_track_research_report.py,file,.py,128,0.0,2026-05-31T12:44:33.344083+00:00,
generated_latest_artifact,generated_do_not_edit,aster_dual_track_research_report_latest.json,aster_dual_track_research_report_latest.json,file,.json,20020,0.02,2026-05-31T12:47:06.619517+00:00,safe_to_regenerate
generated_latest_artifact,generated_do_not_edit,aster_entry_microstructure_diagnostic_latest.json,aster_entry_microstructure_diagnostic_latest.json,file,.json,3392,0.003,2026-05-31T18:35:24.734760+00:00,safe_to_regenerate
generated_latest_artifact,generated_do_not_edit,aster_exchangeinfo_run_status_latest.json,aster_exchangeinfo_run_status_latest.json,file,.json,3128,0.003,2026-05-31T17:55:02.060930+00:00,safe_to_regenerate
generated_latest_artifact,generated_do_not_edit,aster_exploitation_champions_latest.json,aster_exploitation_champions_latest.json,file,.json,10682,0.011,2026-05-31T13:11:26.017032+00:00,safe_to_regenerate
compatibility_wrapper,keep_root_wrapper,aster_exploitation_champions_validator.py,aster_exploitation_champions_validator.py,file,.py,134,0.0,2026-05-31T13:03:30.083338+00:00,
active_core_script,keep_root,aster_lane_promotion_scoring.py,aster_lane_promotion_scoring.py,file,.py,15775,0.016,2026-06-01T19:06:04.382357+00:00,do_not_move_without_import_update
generated_latest_artifact,generated_do_not_edit,aster_lane_promotion_scoring_latest.csv,aster_lane_promotion_scoring_latest.csv,file,.csv,1266,0.001,2026-06-02T14:36:27.595786+00:00,safe_to_regenerate
generated_latest_artifact,generated_do_not_edit,aster_lane_promotion_scoring_latest.json,aster_lane_promotion_scoring_latest.json,file,.json,9127,0.009,2026-06-02T14:36:27.587272+00:00,safe_to_regenerate
active_core_script,keep_root,aster_mark_index_replay_filter.py,aster_mark_index_replay_filter.py,file,.py,14601,0.015,2026-05-31T10:43:37.201578+00:00,do_not_move_without_import_update
generated_latest_artifact,generated_do_not_edit,aster_mark_index_replay_filter_latest.json,aster_mark_index_replay_filter_latest.json,file,.json,28128,0.028,2026-05-31T10:44:16.217946+00:00,safe_to_regenerate
support_script,review_usage,aster_mcp_capability_audit.py,aster_mcp_capability_audit.py,file,.py,15732,0.016,2026-05-31T10:32:22.640938+00:00,
generated_latest_artifact,generated_do_not_edit,aster_mcp_capability_audit_latest.json,aster_mcp_capability_audit_latest.json,file,.json,30479,0.03,2026-05-31T10:32:30.030577+00:00,safe_to_regenerate
support_script,review_usage,aster_mcp_market_data_adapter.py,aster_mcp_market_data_adapter.py,file,.py,30873,0.031,2026-05-31T11:22:30.415901+00:00,
active_core_script,keep_root,aster_microstructure_replay_validator.py,aster_microstructure_replay_validator.py,file,.py,19876,0.02,2026-05-31T18:03:34.067221+00:00,do_not_move_without_import_update
generated_latest_artifact,generated_do_not_edit,aster_microstructure_replay_validator_latest.json,aster_microstructure_replay_validator_latest.json,file,.json,5666,0.006,2026-05-31T18:03:44.178831+00:00,safe_to_regenerate
support_script,review_usage,aster_paper_trading_sandbox.py,aster_paper_trading_sandbox.py,file,.py,318524,0.319,2026-06-01T16:36:12.284328+00:00,
support_script,review_usage,aster_perps_model.py,aster_perps_model.py,file,.py,16233,0.016,2026-05-31T17:12:38.178358+00:00,
generated_latest_artifact,generated_do_not_edit,aster_priority_watchlist_backtest_plan_latest.json,aster_priority_watchlist_backtest_plan_latest.json,file,.json,4911,0.005,2026-06-01T21:39:49.067590+00:00,safe_to_regenerate
generated_latest_artifact,generated_do_not_edit,aster_priority_watchlist_latest.json,aster_priority_watchlist_latest.json,file,.json,19823,0.02,2026-05-31T12:34:56.735939+00:00,safe_to_regenerate
generated_latest_artifact,generated_do_not_edit,aster_promotion_ready_lanes_latest.json,aster_promotion_ready_lanes_latest.json,file,.json,14297,0.014,2026-05-31T18:35:29.381123+00:00,safe_to_regenerate
active_core_script,keep_root,aster_promotion_ready_lanes_report.py,aster_promotion_ready_lanes_report.py,file,.py,78836,0.079,2026-05-31T20:45:27.588354+00:00,do_not_move_without_import_update
generated_latest_artifact,generated_do_not_edit,aster_promotion_ready_strict_forward_diagnostic_latest.json,aster_promotion_ready_strict_forward_diagnostic_latest.json,file,.json,10853,0.011,2026-05-31T20:24:32.467476+00:00,safe_to_regenerate
generated_latest_artifact,generated_do_not_edit,aster_promotion_ready_strict_ledger_postmortem_latest.json,aster_promotion_ready_strict_ledger_postmortem_latest.json,file,.json,69832,0.07,2026-05-31T20:26:31.065098+00:00,safe_to_regenerate
active_core_script,keep_root,aster_promotion_truth_report.py,aster_promotion_truth_report.py,file,.py,21593,0.022,2026-06-01T18:59:40.632053+00:00,do_not_move_without_import_update
generated_latest_artifact,generated_do_not_edit,aster_promotion_truth_report_latest.json,aster_promotion_truth_report_latest.json,file,.json,24357,0.024,2026-06-02T14:36:27.371619+00:00,safe_to_regenerate
public_data_cache,generated_cache,aster_public_exchange_info_cache.json,aster_public_exchange_info_cache.json,file,.json,444247,0.444,2026-06-02T14:33:42.403457+00:00,safe_to_regenerate
public_data_cache,generated_cache,aster_public_funding_history_cache.json,aster_public_funding_history_cache.json,file,.json,36598,0.037,2026-06-02T14:33:42.693769+00:00,safe_to_regenerate
compatibility_wrapper,keep_root_wrapper,aster_public_universe_snapshot.py,aster_public_universe_snapshot.py,file,.py,130,0.0,2026-05-31T12:23:42.824588+00:00,
generated_latest_artifact,generated_do_not_edit,aster_public_universe_snapshot_latest.json,aster_public_universe_snapshot_latest.json,file,.json,1324504,1.325,2026-05-31T13:27:07.119162+00:00,safe_to_regenerate
support_script,review_usage,aster_research_action_report.py,aster_research_action_report.py,file,.py,9464,0.009,2026-05-31T10:47:33.051689+00:00,
generated_latest_artifact,generated_do_not_edit,aster_research_actions_latest.json,aster_research_actions_latest.json,file,.json,8764,0.009,2026-05-31T11:02:58.409986+00:00,safe_to_regenerate
support_script,review_usage,aster_research_consolidated_report.py,aster_research_consolidated_report.py,file,.py,57610,0.058,2026-05-31T17:35:30.813119+00:00,
generated_latest_artifact,generated_do_not_edit,aster_research_consolidated_report_latest.json,aster_research_consolidated_report_latest.json,file,.json,1978427,1.978,2026-06-02T14:36:27.085755+00:00,safe_to_regenerate
generated_latest_artifact,generated_do_not_edit,aster_runner_health_dashboard_latest.json,aster_runner_health_dashboard_latest.json,file,.json,5385,0.005,2026-05-31T15:13:51.106409+00:00,safe_to_regenerate
active_core_script,keep_root,aster_strategy_registry.py,aster_strategy_registry.py,file,.py,22005,0.022,2026-06-01T19:33:22.942972+00:00,do_not_move_without_import_update
generated_latest_artifact,generated_do_not_edit,aster_strategy_registry_latest.json,aster_strategy_registry_latest.json,file,.json,14324,0.014,2026-06-01T19:34:27.894250+00:00,safe_to_regenerate
active_core_script,keep_root,aster_strategy_truth_report.py,aster_strategy_truth_report.py,file,.py,25454,0.025,2026-06-01T18:52:47.273507+00:00,do_not_move_without_import_update
generated_latest_artifact,generated_do_not_edit,aster_strategy_truth_report_latest.json,aster_strategy_truth_report_latest.json,file,.json,45076,0.045,2026-06-01T18:53:05.762439+00:00,safe_to_regenerate
json_artifact,generated_or_snapshot,aster_today_summary_2026_05_31.json,aster_today_summary_2026_05_31.json,file,.json,68869,0.069,2026-05-31T08:29:57.758234+00:00,
generated_latest_artifact,generated_do_not_edit,aster_v2_runner_plan_latest.json,aster_v2_runner_plan_latest.json,file,.json,28312,0.028,2026-06-01T19:48:59.778003+00:00,safe_to_regenerate
generated_latest_artifact,generated_do_not_edit,aster_v2_strict_vs_large_comparison_latest.json,aster_v2_strict_vs_large_comparison_latest.json,file,.json,1727,0.002,2026-05-31T14:02:54.715842+00:00,safe_to_regenerate
generated_latest_artifact,generated_do_not_edit,aster_v2_ws_preflight_refresh_latest.json,aster_v2_ws_preflight_refresh_latest.json,file,.json,1251,0.001,2026-05-31T15:44:02.128483+00:00,safe_to_regenerate
active_core_script,keep_root,aster_volatile_crypto_discovery.py,aster_volatile_crypto_discovery.py,file,.py,13541,0.014,2026-06-02T03:43:55.139835+00:00,do_not_move_without_import_update
generated_latest_artifact,generated_do_not_edit,aster_volatile_crypto_discovery_latest.csv,aster_volatile_crypto_discovery_latest.csv,file,.csv,2634,0.003,2026-06-02T14:36:21.309184+00:00,safe_to_regenerate
generated_latest_artifact,generated_do_not_edit,aster_volatile_crypto_discovery_latest.json,aster_volatile_crypto_discovery_latest.json,file,.json,112516,0.113,2026-06-02T14:36:21.303186+00:00,safe_to_regenerate
compatibility_wrapper,keep_root_wrapper,aster_watchlist_priority_builder.py,aster_watchlist_priority_builder.py,file,.py,128,0.0,2026-05-31T12:34:22.886548+00:00,
generated_latest_artifact,generated_do_not_edit,aster_workspace_artifact_archive_plan_latest.csv,aster_workspace_artifact_archive_plan_latest.csv,file,.csv,16407,0.016,2026-06-02T14:39:51.049190+00:00,safe_to_regenerate
generated_latest_artifact,generated_do_not_edit,aster_workspace_artifact_archive_plan_latest.json,aster_workspace_artifact_archive_plan_latest.json,file,.json,52833,0.053,2026-06-02T14:39:51.044683+00:00,safe_to_regenerate
support_script,review_usage,aster_workspace_artifact_archiver.py,aster_workspace_artifact_archiver.py,file,.py,9326,0.009,2026-06-02T14:38:48.802446+00:00,
support_script,review_usage,aster_workspace_file_audit.py,aster_workspace_file_audit.py,file,.py,11008,0.011,2026-06-02T03:57:50.285166+00:00,
generated_latest_artifact,generated_do_not_edit,aster_workspace_file_audit_latest.csv,aster_workspace_file_audit_latest.csv,file,.csv,48394,0.048,2026-06-02T14:36:27.975432+00:00,safe_to_regenerate
generated_latest_artifact,generated_do_not_edit,aster_workspace_file_audit_latest.json,aster_workspace_file_audit_latest.json,file,.json,215273,0.215,2026-06-02T14:36:27.967366+00:00,safe_to_regenerate
compatibility_wrapper,keep_root_wrapper,aster_ws_forward_monitor_preview.py,aster_ws_forward_monitor_preview.py,file,.py,132,0.0,2026-05-31T12:23:57.208048+00:00,
compatibility_wrapper,keep_root_wrapper,aster_ws_market_stream_validation.py,aster_ws_market_stream_validation.py,file,.py,133,0.0,2026-05-31T12:23:51.310922+00:00,
compatibility_wrapper,keep_root_wrapper,aster_ws_symbol_quality_report.py,aster_ws_symbol_quality_report.py,file,.py,130,0.0,2026-05-31T12:24:03.509721+00:00,
generated_latest_artifact,generated_do_not_edit,aster_ws_symbol_quality_report_latest.json,aster_ws_symbol_quality_report_latest.json,file,.json,74735,0.075,2026-05-31T15:44:02.092114+00:00,safe_to_regenerate
active_core_script,keep_root,backtest_aster_v2.py,backtest_aster_v2.py,file,.py,222,0.0,2026-05-31T13:19:36.320768+00:00,do_not_move_without_import_update
legacy_or_research_script,keep_but_do_not_prioritize,backtest_champion_lanes.py,backtest_champion_lanes.py,file,.py,6185,0.006,2026-05-26T09:09:49.858630+00:00,
active_core_script,keep_root,backtest_priority_watchlist.py,backtest_priority_watchlist.py,file,.py,260,0.0,2026-05-31T12:57:31.135314+00:00,do_not_move_without_import_update
legacy_or_research_script,keep_but_do_not_prioritize,backtest_reality_checked.py,backtest_reality_checked.py,file,.py,14354,0.014,2026-05-31T11:22:49.526516+00:00,
active_core_script,keep_root,backtest_strategy_discovery.py,backtest_strategy_discovery.py,file,.py,72032,0.072,2026-06-01T19:34:12.994372+00:00,do_not_move_without_import_update
source_directory,keep_directory,data_sources,data_sources,directory,,,,2026-05-31T12:25:11.358708+00:00,
external_enrichment_legacy,keep_if_used,dexscreener_enrichment_layer.py,dexscreener_enrichment_layer.py,file,.py,7744,0.008,2026-05-23T21:36:39.151119+00:00,
external_enrichment_legacy,keep_if_used,dexscreener_first_discovery_layer.py,dexscreener_first_discovery_layer.py,file,.py,14260,0.014,2026-05-23T22:08:08.017752+00:00,
legacy_or_research_script,keep_but_do_not_prioritize,monitor_multi_strategy.py,monitor_multi_strategy.py,file,.py,12265,0.012,2026-05-28T20:59:15.622779+00:00,
legacy_or_research_script,keep_but_do_not_prioritize,monitor_optimized_longs.py,monitor_optimized_longs.py,file,.py,12151,0.012,2026-05-26T08:03:32.609253+00:00,
legacy_or_research_script,keep_but_do_not_prioritize,monitor_shorts.py,monitor_shorts.py,file,.py,23202,0.023,2026-05-24T17:38:31.685670+00:00,
backtest_csv_artifact,generated_do_not_edit,paper_trading_exploitation_champions_v2.csv,paper_trading_exploitation_champions_v2.csv,file,.csv,5285,0.005,2026-05-31T13:11:26.018540+00:00,safe_to_regenerate
runner_heartbeat,generated_do_not_edit,paper_trading_multi_strategy_stateful_heartbeat.json,paper_trading_multi_strategy_stateful_heartbeat.json,file,.json,1235,0.001,2026-06-01T17:50:49.393366+00:00,
backtest_csv_artifact,generated_do_not_edit,paper_trading_multi_strategy_stateful_monitor.csv,paper_trading_multi_strategy_stateful_monitor.csv,file,.csv,527195,0.527,2026-06-01T17:50:49.388359+00:00,safe_to_regenerate
runner_heartbeat,generated_do_not_edit,paper_trading_optimized_long_stateful_heartbeat.json,paper_trading_optimized_long_stateful_heartbeat.json,file,.json,533,0.001,2026-06-01T17:47:58.144453+00:00,
backtest_csv_artifact,generated_do_not_edit,paper_trading_optimized_long_stateful_monitor.csv,paper_trading_optimized_long_stateful_monitor.csv,file,.csv,144057,0.144,2026-06-01T17:47:58.141454+00:00,safe_to_regenerate
runner_heartbeat,generated_do_not_edit,paper_trading_promotion_ready_forward_heartbeat.json,paper_trading_promotion_ready_forward_heartbeat.json,file,.json,2038,0.002,2026-05-31T21:17:48.061424+00:00,
backtest_csv_artifact,generated_do_not_edit,paper_trading_promotion_ready_forward_monitor.csv,paper_trading_promotion_ready_forward_monitor.csv,file,.csv,5168,0.005,2026-05-31T21:17:48.061424+00:00,safe_to_regenerate
backtest_csv_artifact,generated_do_not_edit,paper_trading_reality_checked_backtest.csv,paper_trading_reality_checked_backtest.csv,file,.csv,967338,0.967,2026-05-31T12:40:49.440145+00:00,safe_to_regenerate
generated_latest_artifact,generated_do_not_edit,paper_trading_reality_checked_backtest_latest.json,paper_trading_reality_checked_backtest_latest.json,file,.json,295067,0.295,2026-05-31T12:40:49.450264+00:00,safe_to_regenerate
runner_heartbeat,generated_do_not_edit,paper_trading_reality_checked_heartbeat.json,paper_trading_reality_checked_heartbeat.json,file,.json,545,0.001,2026-05-31T12:40:49.462666+00:00,
backtest_csv_artifact,generated_do_not_edit,paper_trading_strategy_discovery.csv,paper_trading_strategy_discovery.csv,file,.csv,4367766,4.368,2026-06-02T13:13:02.744457+00:00,safe_to_regenerate
runner_heartbeat,generated_do_not_edit,paper_trading_strategy_discovery_all_exploration_mark_bbo_night_heartbeat.json,paper_trading_strategy_discovery_all_exploration_mark_bbo_night_heartbeat.json,file,.json,887,0.001,2026-06-01T03:13:16.956031+00:00,
runner_heartbeat,generated_do_not_edit,paper_trading_strategy_discovery_aster_v2_exchangeinfo_heartbeat.json,paper_trading_strategy_discovery_aster_v2_exchangeinfo_heartbeat.json,file,.json,864,0.001,2026-05-31T21:21:17.807008+00:00,
runner_heartbeat,generated_do_not_edit,paper_trading_strategy_discovery_aster_v2_heartbeat.json,paper_trading_strategy_discovery_aster_v2_heartbeat.json,file,.json,747,0.001,2026-05-31T16:52:28.766937+00:00,
runner_heartbeat,generated_do_not_edit,paper_trading_strategy_discovery_aster_v2_mark_heartbeat.json,paper_trading_strategy_discovery_aster_v2_mark_heartbeat.json,file,.json,802,0.001,2026-05-31T17:16:36.645086+00:00,
runner_heartbeat,generated_do_not_edit,paper_trading_strategy_discovery_aster_v2_prod_heartbeat.json,paper_trading_strategy_discovery_aster_v2_prod_heartbeat.json,file,.json,838,0.001,2026-06-02T14:06:16.520049+00:00,
generated_latest_artifact,generated_do_not_edit,paper_trading_strategy_discovery_aster_v2_prod_latest.json,paper_trading_strategy_discovery_aster_v2_prod_latest.json,file,.json,4079528,4.08,2026-06-02T11:17:34.776772+00:00,safe_to_regenerate
generated_latest_artifact,generated_do_not_edit,paper_trading_strategy_discovery_aster_v2_prod_progress_latest.json,paper_trading_strategy_discovery_aster_v2_prod_progress_latest.json,file,.json,481781,0.482,2026-06-02T14:06:16.493049+00:00,safe_to_regenerate
backtest_csv_artifact,generated_do_not_edit,paper_trading_strategy_discovery_aster_v2_prod_progress_v2.csv,paper_trading_strategy_discovery_aster_v2_prod_progress_v2.csv,file,.csv,1591902,1.592,2026-06-02T14:06:16.483049+00:00,safe_to_regenerate
backtest_csv_artifact,generated_do_not_edit,paper_trading_strategy_discovery_aster_v2_prod_v2.csv,paper_trading_strategy_discovery_aster_v2_prod_v2.csv,file,.csv,10923016,10.923,2026-06-02T11:17:34.739771+00:00,"large_file,safe_to_regenerate"
runner_heartbeat,generated_do_not_edit,paper_trading_strategy_discovery_aster_v2_strict_heartbeat.json,paper_trading_strategy_discovery_aster_v2_strict_heartbeat.json,file,.json,768,0.001,2026-05-31T16:58:02.830411+00:00,
generated_latest_artifact,generated_do_not_edit,paper_trading_strategy_discovery_core_champions_latest.json,paper_trading_strategy_discovery_core_champions_latest.json,file,.json,1532240,1.532,2026-05-31T12:23:52.919502+00:00,safe_to_regenerate
backtest_csv_artifact,generated_do_not_edit,paper_trading_strategy_discovery_core_champions_v2.csv,paper_trading_strategy_discovery_core_champions_v2.csv,file,.csv,7754527,7.755,2026-05-31T12:23:52.899592+00:00,"large_file,safe_to_regenerate"
runner_heartbeat,generated_do_not_edit,paper_trading_strategy_discovery_core_deep_mark_bbo_night_heartbeat.json,paper_trading_strategy_discovery_core_deep_mark_bbo_night_heartbeat.json,file,.json,865,0.001,2026-06-01T03:36:12.206855+00:00,
runner_heartbeat,generated_do_not_edit,paper_trading_strategy_discovery_core_exchangeinfo_heartbeat.json,paper_trading_strategy_discovery_core_exchangeinfo_heartbeat.json,file,.json,1898,0.002,2026-05-31T21:19:58.716096+00:00,
generated_latest_artifact,generated_do_not_edit,paper_trading_strategy_discovery_core_exchangeinfo_latest.json,paper_trading_strategy_discovery_core_exchangeinfo_latest.json,file,.json,3461409,3.461,2026-05-31T21:19:58.532699+00:00,safe_to_regenerate
backtest_csv_artifact,generated_do_not_edit,paper_trading_strategy_discovery_core_exchangeinfo_v2.csv,paper_trading_strategy_discovery_core_exchangeinfo_v2.csv,file,.csv,23289744,23.29,2026-05-31T21:19:58.491309+00:00,"large_file,safe_to_regenerate"
runner_heartbeat,generated_do_not_edit,paper_trading_strategy_discovery_core_explore_fresh_heartbeat.json,paper_trading_strategy_discovery_core_explore_fresh_heartbeat.json,file,.json,776,0.001,2026-05-31T16:55:10.113119+00:00,
generated_latest_artifact,generated_do_not_edit,paper_trading_strategy_discovery_core_latest.json,paper_trading_strategy_discovery_core_latest.json,file,.json,1651713,1.652,2026-05-31T08:20:37.894019+00:00,safe_to_regenerate
runner_heartbeat,generated_do_not_edit,paper_trading_strategy_discovery_core_prod_mark_bbo_heartbeat.json,paper_trading_strategy_discovery_core_prod_mark_bbo_heartbeat.json,file,.json,834,0.001,2026-06-02T14:03:50.248258+00:00,
generated_latest_artifact,generated_do_not_edit,paper_trading_strategy_discovery_core_prod_mark_bbo_latest.json,paper_trading_strategy_discovery_core_prod_mark_bbo_latest.json,file,.json,4403214,4.403,2026-06-02T04:57:58.502966+00:00,safe_to_regenerate
generated_latest_artifact,generated_do_not_edit,paper_trading_strategy_discovery_core_prod_mark_bbo_progress_latest.json,paper_trading_strategy_discovery_core_prod_mark_bbo_progress_latest.json,file,.json,571615,0.572,2026-06-02T14:03:50.217099+00:00,safe_to_regenerate
backtest_csv_artifact,generated_do_not_edit,paper_trading_strategy_discovery_core_prod_mark_bbo_progress_v2.csv,paper_trading_strategy_discovery_core_prod_mark_bbo_progress_v2.csv,file,.csv,4728197,4.728,2026-06-02T14:03:50.201098+00:00,safe_to_regenerate
backtest_csv_artifact,generated_do_not_edit,paper_trading_strategy_discovery_core_prod_mark_bbo_v2.csv,paper_trading_strategy_discovery_core_prod_mark_bbo_v2.csv,file,.csv,5307820,5.308,2026-06-02T04:57:58.461629+00:00,"large_file,safe_to_regenerate"
runner_heartbeat,generated_do_not_edit,paper_trading_strategy_discovery_core_progress_heartbeat.json,paper_trading_strategy_discovery_core_progress_heartbeat.json,file,.json,1778,0.002,2026-06-01T07:24:25.710413+00:00,
generated_latest_artifact,generated_do_not_edit,paper_trading_strategy_discovery_core_progress_latest.json,paper_trading_strategy_discovery_core_progress_latest.json,file,.json,3873100,3.873,2026-06-01T07:24:25.539828+00:00,safe_to_regenerate
generated_latest_artifact,generated_do_not_edit,paper_trading_strategy_discovery_core_progress_progress_latest.json,paper_trading_strategy_discovery_core_progress_progress_latest.json,file,.json,543588,0.544,2026-06-01T07:24:25.439837+00:00,safe_to_regenerate
backtest_csv_artifact,generated_do_not_edit,paper_trading_strategy_discovery_core_progress_progress_v2.csv,paper_trading_strategy_discovery_core_progress_progress_v2.csv,file,.csv,4221550,4.222,2026-06-01T07:24:25.430839+00:00,safe_to_regenerate
backtest_csv_artifact,generated_do_not_edit,paper_trading_strategy_discovery_core_progress_v2.csv,paper_trading_strategy_discovery_core_progress_v2.csv,file,.csv,4221550,4.222,2026-06-01T07:24:25.508108+00:00,safe_to_regenerate
generated_latest_artifact,generated_do_not_edit,paper_trading_strategy_discovery_core_reality_raw_latest.json,paper_trading_strategy_discovery_core_reality_raw_latest.json,file,.json,1343690,1.344,2026-05-31T10:05:05.217288+00:00,safe_to_regenerate
backtest_csv_artifact,generated_do_not_edit,paper_trading_strategy_discovery_core_reality_raw_v2.csv,paper_trading_strategy_discovery_core_reality_raw_v2.csv,file,.csv,1140262,1.14,2026-05-31T10:05:05.193751+00:00,safe_to_regenerate
generated_latest_artifact,generated_do_not_edit,paper_trading_strategy_discovery_core_reality_watch_raw_latest.json,paper_trading_strategy_discovery_core_reality_watch_raw_latest.json,file,.json,1322527,1.323,2026-05-31T12:40:41.404110+00:00,safe_to_regenerate
backtest_csv_artifact,generated_do_not_edit,paper_trading_strategy_discovery_core_reality_watch_raw_v2.csv,paper_trading_strategy_discovery_core_reality_watch_raw_v2.csv,file,.csv,4453783,4.454,2026-05-31T12:40:41.381563+00:00,safe_to_regenerate
backtest_csv_artifact,generated_do_not_edit,paper_trading_strategy_discovery_core_v2.csv,paper_trading_strategy_discovery_core_v2.csv,file,.csv,31758271,31.758,2026-05-31T08:20:37.873805+00:00,"large_file,safe_to_regenerate"
runner_heartbeat,generated_do_not_edit,paper_trading_strategy_discovery_equities_explore_exchangeinfo_heartbeat.json,paper_trading_strategy_discovery_equities_explore_exchangeinfo_heartbeat.json,file,.json,888,0.001,2026-05-31T20:41:25.378793+00:00,
generated_latest_artifact,generated_do_not_edit,paper_trading_strategy_discovery_equities_explore_exchangeinfo_latest.json,paper_trading_strategy_discovery_equities_explore_exchangeinfo_latest.json,file,.json,3130407,3.13,2026-05-31T19:39:09.615493+00:00,safe_to_regenerate
backtest_csv_artifact,generated_do_not_edit,paper_trading_strategy_discovery_equities_explore_exchangeinfo_v2.csv,paper_trading_strategy_discovery_equities_explore_exchangeinfo_v2.csv,file,.csv,1931319,1.931,2026-05-31T19:39:09.582044+00:00,safe_to_regenerate
generated_latest_artifact,generated_do_not_edit,paper_trading_strategy_discovery_equities_latest.json,paper_trading_strategy_discovery_equities_latest.json,file,.json,1313019,1.313,2026-05-31T08:14:39.777284+00:00,safe_to_regenerate
backtest_csv_artifact,generated_do_not_edit,paper_trading_strategy_discovery_equities_v2.csv,paper_trading_strategy_discovery_equities_v2.csv,file,.csv,19833880,19.834,2026-05-31T08:14:39.764906+00:00,"large_file,safe_to_regenerate"
generated_latest_artifact,generated_do_not_edit,paper_trading_strategy_discovery_exploitation_validated_latest.json,paper_trading_strategy_discovery_exploitation_validated_latest.json,file,.json,1629300,1.629,2026-05-31T13:16:43.552357+00:00,safe_to_regenerate
backtest_csv_artifact,generated_do_not_edit,paper_trading_strategy_discovery_exploitation_validated_v2.csv,paper_trading_strategy_discovery_exploitation_validated_v2.csv,file,.csv,392415,0.392,2026-05-31T13:16:43.539142+00:00,safe_to_regenerate
runner_heartbeat,generated_do_not_edit,paper_trading_strategy_discovery_focused_candidate_validation_heartbeat.json,paper_trading_strategy_discovery_focused_candidate_validation_heartbeat.json,file,.json,861,0.001,2026-06-02T14:07:37.623481+00:00,
generated_latest_artifact,generated_do_not_edit,paper_trading_strategy_discovery_focused_candidate_validation_latest.json,paper_trading_strategy_discovery_focused_candidate_validation_latest.json,file,.json,3789844,3.79,2026-06-02T11:56:51.121721+00:00,safe_to_regenerate
generated_latest_artifact,generated_do_not_edit,paper_trading_strategy_discovery_focused_candidate_validation_progress_latest.json,paper_trading_strategy_discovery_focused_candidate_validation_progress_latest.json,file,.json,438689,0.439,2026-06-02T14:07:37.597480+00:00,safe_to_regenerate
backtest_csv_artifact,generated_do_not_edit,paper_trading_strategy_discovery_focused_candidate_validation_progress_v2.csv,paper_trading_strategy_discovery_focused_candidate_validation_progress_v2.csv,file,.csv,1578767,1.579,2026-06-02T14:07:37.584474+00:00,safe_to_regenerate
backtest_csv_artifact,generated_do_not_edit,paper_trading_strategy_discovery_focused_candidate_validation_v2.csv,paper_trading_strategy_discovery_focused_candidate_validation_v2.csv,file,.csv,6957124,6.957,2026-06-02T11:56:51.087056+00:00,"large_file,safe_to_regenerate"
runner_heartbeat,generated_do_not_edit,paper_trading_strategy_discovery_heartbeat.json,paper_trading_strategy_discovery_heartbeat.json,file,.json,882,0.001,2026-06-02T14:35:08.519071+00:00,
generated_latest_artifact,generated_do_not_edit,paper_trading_strategy_discovery_latest.json,paper_trading_strategy_discovery_latest.json,file,.json,4312985,4.313,2026-06-02T13:13:03.010533+00:00,safe_to_regenerate
runner_heartbeat,generated_do_not_edit,paper_trading_strategy_discovery_macro_equity_deep_mark_bbo_night_heartbeat.json,paper_trading_strategy_discovery_macro_equity_deep_mark_bbo_night_heartbeat.json,file,.json,1938,0.002,2026-06-01T03:38:26.533279+00:00,
generated_latest_artifact,generated_do_not_edit,paper_trading_strategy_discovery_macro_equity_deep_mark_bbo_night_latest.json,paper_trading_strategy_discovery_macro_equity_deep_mark_bbo_night_latest.json,file,.json,4135477,4.135,2026-06-01T03:38:26.315526+00:00,safe_to_regenerate
backtest_csv_artifact,generated_do_not_edit,paper_trading_strategy_discovery_macro_equity_deep_mark_bbo_night_v2.csv,paper_trading_strategy_discovery_macro_equity_deep_mark_bbo_night_v2.csv,file,.csv,3569805,3.57,2026-06-01T03:38:26.278879+00:00,safe_to_regenerate
runner_heartbeat,generated_do_not_edit,paper_trading_strategy_discovery_macro_equity_exchangeinfo_heartbeat.json,paper_trading_strategy_discovery_macro_equity_exchangeinfo_heartbeat.json,file,.json,1924,0.002,2026-05-31T21:14:59.249981+00:00,
generated_latest_artifact,generated_do_not_edit,paper_trading_strategy_discovery_macro_equity_exchangeinfo_latest.json,paper_trading_strategy_discovery_macro_equity_exchangeinfo_latest.json,file,.json,3484372,3.484,2026-05-31T21:14:59.060806+00:00,safe_to_regenerate
backtest_csv_artifact,generated_do_not_edit,paper_trading_strategy_discovery_macro_equity_exchangeinfo_v2.csv,paper_trading_strategy_discovery_macro_equity_exchangeinfo_v2.csv,file,.csv,20857232,20.857,2026-05-31T21:14:59.029874+00:00,"large_file,safe_to_regenerate"
runner_heartbeat,generated_do_not_edit,paper_trading_strategy_discovery_macro_equity_explore_heartbeat.json,paper_trading_strategy_discovery_macro_equity_explore_heartbeat.json,file,.json,791,0.001,2026-05-31T17:26:24.248444+00:00,
generated_latest_artifact,generated_do_not_edit,paper_trading_strategy_discovery_macro_equity_latest.json,paper_trading_strategy_discovery_macro_equity_latest.json,file,.json,1387545,1.388,2026-05-30T23:51:58.172543+00:00,safe_to_regenerate
runner_heartbeat,generated_do_not_edit,paper_trading_strategy_discovery_macro_equity_prod_mark_bbo_heartbeat.json,paper_trading_strategy_discovery_macro_equity_prod_mark_bbo_heartbeat.json,file,.json,882,0.001,2026-06-02T14:35:08.524070+00:00,
generated_latest_artifact,generated_do_not_edit,paper_trading_strategy_discovery_macro_equity_prod_mark_bbo_latest.json,paper_trading_strategy_discovery_macro_equity_prod_mark_bbo_latest.json,file,.json,4312985,4.313,2026-06-02T13:13:02.861739+00:00,safe_to_regenerate
generated_latest_artifact,generated_do_not_edit,paper_trading_strategy_discovery_macro_equity_prod_mark_bbo_progress_latest.json,paper_trading_strategy_discovery_macro_equity_prod_mark_bbo_progress_latest.json,file,.json,244550,0.245,2026-06-02T14:35:08.494080+00:00,safe_to_regenerate
backtest_csv_artifact,generated_do_not_edit,paper_trading_strategy_discovery_macro_equity_prod_mark_bbo_progress_v2.csv,paper_trading_strategy_discovery_macro_equity_prod_mark_bbo_progress_v2.csv,file,.csv,311083,0.311,2026-06-02T14:35:08.484068+00:00,safe_to_regenerate
backtest_csv_artifact,generated_do_not_edit,paper_trading_strategy_discovery_macro_equity_prod_mark_bbo_v2.csv,paper_trading_strategy_discovery_macro_equity_prod_mark_bbo_v2.csv,file,.csv,14937139,14.937,2026-06-02T13:13:02.823569+00:00,"large_file,safe_to_regenerate"
runner_heartbeat,generated_do_not_edit,paper_trading_strategy_discovery_macro_equity_progress_heartbeat.json,paper_trading_strategy_discovery_macro_equity_progress_heartbeat.json,file,.json,1809,0.002,2026-06-01T06:25:14.902292+00:00,
generated_latest_artifact,generated_do_not_edit,paper_trading_strategy_discovery_macro_equity_progress_latest.json,paper_trading_strategy_discovery_macro_equity_progress_latest.json,file,.json,3803871,3.804,2026-06-01T06:25:14.731284+00:00,safe_to_regenerate
generated_latest_artifact,generated_do_not_edit,paper_trading_strategy_discovery_macro_equity_progress_progress_latest.json,paper_trading_strategy_discovery_macro_equity_progress_progress_latest.json,file,.json,529194,0.529,2026-06-01T06:25:14.643994+00:00,safe_to_regenerate
backtest_csv_artifact,generated_do_not_edit,paper_trading_strategy_discovery_macro_equity_progress_progress_v2.csv,paper_trading_strategy_discovery_macro_equity_progress_progress_v2.csv,file,.csv,2976816,2.977,2026-06-01T06:25:14.633993+00:00,safe_to_regenerate
backtest_csv_artifact,generated_do_not_edit,paper_trading_strategy_discovery_macro_equity_progress_v2.csv,paper_trading_strategy_discovery_macro_equity_progress_v2.csv,file,.csv,2976816,2.977,2026-06-01T06:25:14.700190+00:00,safe_to_regenerate
backtest_csv_artifact,generated_do_not_edit,paper_trading_strategy_discovery_macro_equity_v2.csv,paper_trading_strategy_discovery_macro_equity_v2.csv,file,.csv,2718133,2.718,2026-05-30T23:51:58.156544+00:00,safe_to_regenerate
generated_latest_artifact,generated_do_not_edit,paper_trading_strategy_discovery_macro_latest.json,paper_trading_strategy_discovery_macro_latest.json,file,.json,1250603,1.251,2026-05-31T12:38:47.226083+00:00,safe_to_regenerate
backtest_csv_artifact,generated_do_not_edit,paper_trading_strategy_discovery_macro_v2.csv,paper_trading_strategy_discovery_macro_v2.csv,file,.csv,3623669,3.624,2026-05-31T12:38:47.204243+00:00,safe_to_regenerate
runner_heartbeat,generated_do_not_edit,paper_trading_strategy_discovery_memecoin_volatile_strategy_search_heartbeat.json,paper_trading_strategy_discovery_memecoin_volatile_strategy_search_heartbeat.json,file,.json,888,0.001,2026-06-02T13:39:14.773023+00:00,
generated_latest_artifact,generated_do_not_edit,paper_trading_strategy_discovery_memecoin_volatile_strategy_search_latest.json,paper_trading_strategy_discovery_memecoin_volatile_strategy_search_latest.json,file,.json,3997462,3.997,2026-06-02T09:31:32.466257+00:00,safe_to_regenerate
generated_latest_artifact,generated_do_not_edit,paper_trading_strategy_discovery_memecoin_volatile_strategy_search_progress_latest.json,paper_trading_strategy_discovery_memecoin_volatile_strategy_search_progress_latest.json,file,.json,458657,0.459,2026-06-02T13:39:14.745022+00:00,safe_to_regenerate
backtest_csv_artifact,generated_do_not_edit,paper_trading_strategy_discovery_memecoin_volatile_strategy_search_progress_v2.csv,paper_trading_strategy_discovery_memecoin_volatile_strategy_search_progress_v2.csv,file,.csv,1825021,1.825,2026-06-02T13:39:14.734550+00:00,safe_to_regenerate
backtest_csv_artifact,generated_do_not_edit,paper_trading_strategy_discovery_memecoin_volatile_strategy_search_v2.csv,paper_trading_strategy_discovery_memecoin_volatile_strategy_search_v2.csv,file,.csv,2994905,2.995,2026-06-02T09:31:32.424119+00:00,safe_to_regenerate
runner_heartbeat,generated_do_not_edit,paper_trading_strategy_discovery_priority_watchlist_prod_heartbeat.json,paper_trading_strategy_discovery_priority_watchlist_prod_heartbeat.json,file,.json,877,0.001,2026-06-02T14:23:39.752928+00:00,
generated_latest_artifact,generated_do_not_edit,paper_trading_strategy_discovery_priority_watchlist_prod_latest.json,paper_trading_strategy_discovery_priority_watchlist_prod_latest.json,file,.json,3119216,3.119,2026-06-02T13:03:10.120928+00:00,safe_to_regenerate
generated_latest_artifact,generated_do_not_edit,paper_trading_strategy_discovery_priority_watchlist_prod_progress_latest.json,paper_trading_strategy_discovery_priority_watchlist_prod_progress_latest.json,file,.json,395855,0.396,2026-06-02T14:23:39.726923+00:00,safe_to_regenerate
backtest_csv_artifact,generated_do_not_edit,paper_trading_strategy_discovery_priority_watchlist_prod_progress_v2.csv,paper_trading_strategy_discovery_priority_watchlist_prod_progress_v2.csv,file,.csv,520899,0.521,2026-06-02T14:23:39.716922+00:00,safe_to_regenerate
backtest_csv_artifact,generated_do_not_edit,paper_trading_strategy_discovery_priority_watchlist_prod_v2.csv,paper_trading_strategy_discovery_priority_watchlist_prod_v2.csv,file,.csv,9155471,9.155,2026-06-02T13:03:10.074922+00:00,"large_file,safe_to_regenerate"
runner_heartbeat,generated_do_not_edit,paper_trading_strict_promotion_ready_forward_heartbeat.json,paper_trading_strict_promotion_ready_forward_heartbeat.json,file,.json,2668,0.003,2026-06-02T14:33:46.669116+00:00,
backtest_csv_artifact,generated_do_not_edit,paper_trading_strict_promotion_ready_forward_monitor.csv,paper_trading_strict_promotion_ready_forward_monitor.csv,file,.csv,31820,0.032,2026-06-02T14:33:46.665905+00:00,safe_to_regenerate
documentation,keep_documentation,README.md,README.md,file,.md,28789,0.029,2026-06-02T03:58:41.261360+00:00,
support_script,review_usage,reference.py,reference.py,file,.py,3135,0.003,2026-05-23T18:06:55.035555+00:00,
source_directory,keep_directory,research,research,directory,,,,2026-05-31T17:39:18.560232+00:00,
external_enrichment_legacy,keep_if_used,scrapling_label_enrichment_batch.py,scrapling_label_enrichment_batch.py,file,.py,9078,0.009,2026-05-23T21:25:59.302944+00:00,
