lane_key,symbol,interval,side,promotion_score,lifecycle,promotion_blockers,strategy_profile_id,trigger_reference,execution_model,roi_pct_on_paper_balance,win_rate,profit_factor,closed_trades,max_drawdown_usd,best_tradable_leverage,promotion_truth_verdict,source
LABUSDT|5h|long|||||3.0|core_prod_mark_bbo,LABUSDT,5h,long,87.402,WATCH,"mark_index_watch,no_promotion_truth_match",,,,35.603466,0.766667,6.67194,30,22.942806,3.0,,paper_trading_strategy_discovery_core_prod_mark_bbo_v2.csv
LABUSDT|3h|long|||||3.0|aster_v2_prod,LABUSDT,3h,long,79.349,WATCH,"mark_index_watch,no_promotion_truth_match",,,,37.812353,0.62069,3.549835,58,29.483452,3.0,,paper_trading_strategy_discovery_aster_v2_prod_progress_v2.csv
LABUSDT|2h|long|||||3.0|lab_hype_validation_20260602,LABUSDT,2h,long,77.097,WATCH,"not_checked,no_promotion_truth_match",,,,34.133806,0.644444,2.995375,90,32.704091,3.0,,paper_trading_strategy_discovery_lab_hype_validation_20260602_v2.csv
LABUSDT|2h|long|||||3.0|focused_candidate_validation,LABUSDT,2h,long,76.749,WATCH,"not_checked,no_promotion_truth_match",,,,33.535385,0.656716,2.848595,67,32.290937,3.0,,paper_trading_strategy_discovery_focused_candidate_validation_v2.csv
LABUSDT|30m|long|||||3.0|focused_candidate_validation,LABUSDT,30m,long,76.676,WATCH,"mark_index_watch,no_promotion_truth_match",,,,41.207254,0.64,2.683867,100,28.299295,3.0,,paper_trading_strategy_discovery_focused_candidate_validation_v2.csv
LABUSDT|30m|long|||||3.0|memecoin_volatile_extra_20260602,LABUSDT,30m,long,73.256,WATCH,"mark_index_watch,no_promotion_truth_match",,,,36.607354,0.6,2.312276,100,30.73315,3.0,,paper_trading_strategy_discovery_memecoin_volatile_extra_20260602_progress_v2.csv
LABUSDT|30m|long|||||2.0|focused_candidate_validation,LABUSDT,30m,long,73.118,WATCH,"mark_index_watch,no_promotion_truth_match",,,,40.545251,0.617284,2.528002,81,33.938041,2.0,,paper_trading_strategy_discovery_focused_candidate_validation_v2.csv
LABUSDT|30m|long|||||2.0|core_prod_mark_bbo,LABUSDT,30m,long,73.027,WATCH,"mark_index_watch,no_promotion_truth_match",,,,46.298239,0.639535,2.737815,86,39.755702,2.0,,paper_trading_strategy_discovery_core_prod_mark_bbo_progress_v2.csv
LABUSDT|30m|long|||||3.0|core_progress,LABUSDT,30m,long,72.885,WATCH,"mark_index_watch,no_promotion_truth_match",,,,33.02714,0.588889,2.286999,90,30.73315,3.0,,paper_trading_strategy_discovery_core_progress_progress_v2.csv
LABUSDT|3h|long|||||2.0|aster_v2_prod,LABUSDT,3h,long,68.495,WATCH,"mark_index_watch,no_promotion_truth_match",,,,40.080105,0.619048,3.489478,42,38.826917,2.0,,paper_trading_strategy_discovery_aster_v2_prod_progress_v2.csv
LABUSDT|30m|long|||||2.0|memecoin_volatile_extra_20260602,LABUSDT,30m,long,61.788,WATCH,"drawdown_gt_40,mark_index_watch,no_promotion_truth_match",,,,36.474066,0.68254,2.764082,63,48.028727,2.0,,paper_trading_strategy_discovery_memecoin_volatile_extra_20260602_progress_v2.csv
LABUSDT|30m|long|||||2.0|aster_v2_prod,LABUSDT,30m,long,61.442,WATCH,"drawdown_gt_40,mark_index_watch,no_promotion_truth_match",,,,34.906221,0.677966,2.709606,59,46.326044,2.0,,paper_trading_strategy_discovery_aster_v2_prod_v2.csv
LABUSDT|30m|long|||||1.0|core_prod_mark_bbo,LABUSDT,30m,long,60.916,WATCH,"drawdown_gt_40,mark_index_watch,no_promotion_truth_match",,,,48.805187,0.675,3.017796,80,52.583218,1.0,,paper_trading_strategy_discovery_core_prod_mark_bbo_progress_v2.csv
LABUSDT|30m|long|||||1.0|lab_hype_validation_20260602,LABUSDT,30m,long,57.805,WATCH,"drawdown_gt_40,mark_index_watch,no_promotion_truth_match",,,,43.135896,0.681818,2.907351,66,62.256273,1.0,,paper_trading_strategy_discovery_lab_hype_validation_20260602_v2.csv
LABUSDT|15m|long|||||1.0|core_progress,LABUSDT,15m,long,53.406,DISCOVERED,"drawdown_gt_40,not_checked,no_promotion_truth_match",,,,33.410362,0.614035,1.816988,114,53.171841,1.0,,paper_trading_strategy_discovery_core_progress_progress_v2.csv
