reason,name,size_bytes,size_mb,last_write_time,source_path,destination_path,would_move
legacy_monitor_or_old_champion_artifact,paper_trading_champion_lanes_backtest.csv,11002,0.011,2026-05-26T09:15:41.198248+00:00,D:\trading-agent\backend\services\onchain\aster\paper_trading_champion_lanes_backtest.csv,D:\trading-agent\backend\services\onchain\aster\archive\research_artifacts\paper_trading_champion_lanes_backtest.csv,True
legacy_monitor_or_old_champion_artifact,paper_trading_champion_lanes_backtest_latest.json,15586,0.016,2026-05-26T09:15:41.202250+00:00,D:\trading-agent\backend\services\onchain\aster\paper_trading_champion_lanes_backtest_latest.json,D:\trading-agent\backend\services\onchain\aster\archive\research_artifacts\paper_trading_champion_lanes_backtest_latest.json,True
legacy_monitor_or_old_champion_artifact,paper_trading_directional_strategy_monitor.csv,10235,0.01,2026-05-24T17:37:59.840567+00:00,D:\trading-agent\backend\services\onchain\aster\paper_trading_directional_strategy_monitor.csv,D:\trading-agent\backend\services\onchain\aster\archive\research_artifacts\paper_trading_directional_strategy_monitor.csv,True
legacy_monitor_or_old_champion_artifact,paper_trading_monitor.csv,3812,0.004,2026-05-24T19:28:27.866651+00:00,D:\trading-agent\backend\services\onchain\aster\paper_trading_monitor.csv,D:\trading-agent\backend\services\onchain\aster\archive\research_artifacts\paper_trading_monitor.csv,True
legacy_monitor_or_old_champion_artifact,paper_trading_multi_strategy_monitor.csv,1664,0.002,2026-05-24T17:37:59.843568+00:00,D:\trading-agent\backend\services\onchain\aster\paper_trading_multi_strategy_monitor.csv,D:\trading-agent\backend\services\onchain\aster\archive\research_artifacts\paper_trading_multi_strategy_monitor.csv,True
legacy_monitor_or_old_champion_artifact,paper_trading_optimized_long_monitor.csv,4101,0.004,2026-05-24T20:57:40.446257+00:00,D:\trading-agent\backend\services\onchain\aster\paper_trading_optimized_long_monitor.csv,D:\trading-agent\backend\services\onchain\aster\archive\research_artifacts\paper_trading_optimized_long_monitor.csv,True
legacy_schema_snapshot,paper_trading_strategy_discovery_macro_v2.legacy_20260531_102240.csv,14708221,14.708,2026-05-31T09:55:47.621672+00:00,D:\trading-agent\backend\services\onchain\aster\paper_trading_strategy_discovery_macro_v2.legacy_20260531_102240.csv,D:\trading-agent\backend\services\onchain\aster\archive\research_artifacts\paper_trading_strategy_discovery_macro_v2.legacy_20260531_102240.csv,True
smoke_test_artifact,paper_trading_strategy_discovery_smoke_exchange_info_heartbeat.json,932,0.001,2026-05-31T17:14:10.640334+00:00,D:\trading-agent\backend\services\onchain\aster\paper_trading_strategy_discovery_smoke_exchange_info_heartbeat.json,D:\trading-agent\backend\services\onchain\aster\archive\research_artifacts\paper_trading_strategy_discovery_smoke_exchange_info_heartbeat.json,True
smoke_test_artifact,paper_trading_strategy_discovery_smoke_exchange_info_latest.json,158668,0.159,2026-05-31T17:14:10.620157+00:00,D:\trading-agent\backend\services\onchain\aster\paper_trading_strategy_discovery_smoke_exchange_info_latest.json,D:\trading-agent\backend\services\onchain\aster\archive\research_artifacts\paper_trading_strategy_discovery_smoke_exchange_info_latest.json,True
smoke_test_artifact,paper_trading_strategy_discovery_smoke_exchange_info_v2.csv,25642,0.026,2026-05-31T17:14:10.614129+00:00,D:\trading-agent\backend\services\onchain\aster\paper_trading_strategy_discovery_smoke_exchange_info_v2.csv,D:\trading-agent\backend\services\onchain\aster\archive\research_artifacts\paper_trading_strategy_discovery_smoke_exchange_info_v2.csv,True
smoke_test_artifact,paper_trading_strategy_discovery_smoke_execution_model_heartbeat.json,721,0.001,2026-05-31T15:36:44.279569+00:00,D:\trading-agent\backend\services\onchain\aster\paper_trading_strategy_discovery_smoke_execution_model_heartbeat.json,D:\trading-agent\backend\services\onchain\aster\archive\research_artifacts\paper_trading_strategy_discovery_smoke_execution_model_heartbeat.json,True
smoke_test_artifact,paper_trading_strategy_discovery_smoke_execution_model_latest.json,3085,0.003,2026-05-31T15:36:44.140317+00:00,D:\trading-agent\backend\services\onchain\aster\paper_trading_strategy_discovery_smoke_execution_model_latest.json,D:\trading-agent\backend\services\onchain\aster\archive\research_artifacts\paper_trading_strategy_discovery_smoke_execution_model_latest.json,True
smoke_test_artifact,paper_trading_strategy_discovery_smoke_execution_model_v2.csv,1271,0.001,2026-05-31T15:36:44.136296+00:00,D:\trading-agent\backend\services\onchain\aster\paper_trading_strategy_discovery_smoke_execution_model_v2.csv,D:\trading-agent\backend\services\onchain\aster\archive\research_artifacts\paper_trading_strategy_discovery_smoke_execution_model_v2.csv,True
smoke_test_artifact,paper_trading_strategy_discovery_smoke_mark_index_csv_heartbeat.json,718,0.001,2026-05-31T15:20:36.400646+00:00,D:\trading-agent\backend\services\onchain\aster\paper_trading_strategy_discovery_smoke_mark_index_csv_heartbeat.json,D:\trading-agent\backend\services\onchain\aster\archive\research_artifacts\paper_trading_strategy_discovery_smoke_mark_index_csv_heartbeat.json,True
smoke_test_artifact,paper_trading_strategy_discovery_smoke_mark_index_csv_latest.json,3427,0.003,2026-05-31T15:20:36.386280+00:00,D:\trading-agent\backend\services\onchain\aster\paper_trading_strategy_discovery_smoke_mark_index_csv_latest.json,D:\trading-agent\backend\services\onchain\aster\archive\research_artifacts\paper_trading_strategy_discovery_smoke_mark_index_csv_latest.json,True
smoke_test_artifact,paper_trading_strategy_discovery_smoke_mark_index_csv_v2.csv,1253,0.001,2026-05-31T15:20:36.384334+00:00,D:\trading-agent\backend\services\onchain\aster\paper_trading_strategy_discovery_smoke_mark_index_csv_v2.csv,D:\trading-agent\backend\services\onchain\aster\archive\research_artifacts\paper_trading_strategy_discovery_smoke_mark_index_csv_v2.csv,True
smoke_test_artifact,paper_trading_strategy_discovery_smoke_mark_trigger_heartbeat.json,712,0.001,2026-05-31T15:29:40.211861+00:00,D:\trading-agent\backend\services\onchain\aster\paper_trading_strategy_discovery_smoke_mark_trigger_heartbeat.json,D:\trading-agent\backend\services\onchain\aster\archive\research_artifacts\paper_trading_strategy_discovery_smoke_mark_trigger_heartbeat.json,True
smoke_test_artifact,paper_trading_strategy_discovery_smoke_mark_trigger_latest.json,3032,0.003,2026-05-31T15:29:40.194759+00:00,D:\trading-agent\backend\services\onchain\aster\paper_trading_strategy_discovery_smoke_mark_trigger_latest.json,D:\trading-agent\backend\services\onchain\aster\archive\research_artifacts\paper_trading_strategy_discovery_smoke_mark_trigger_latest.json,True
smoke_test_artifact,paper_trading_strategy_discovery_smoke_mark_trigger_v2.csv,1271,0.001,2026-05-31T15:29:40.192548+00:00,D:\trading-agent\backend\services\onchain\aster\paper_trading_strategy_discovery_smoke_mark_trigger_v2.csv,D:\trading-agent\backend\services\onchain\aster\archive\research_artifacts\paper_trading_strategy_discovery_smoke_mark_trigger_v2.csv,True
smoke_test_artifact,paper_trading_strategy_discovery_smoke_official_fee_usd1_heartbeat.json,727,0.001,2026-05-31T15:17:26.777977+00:00,D:\trading-agent\backend\services\onchain\aster\paper_trading_strategy_discovery_smoke_official_fee_usd1_heartbeat.json,D:\trading-agent\backend\services\onchain\aster\archive\research_artifacts\paper_trading_strategy_discovery_smoke_official_fee_usd1_heartbeat.json,True
smoke_test_artifact,paper_trading_strategy_discovery_smoke_official_fee_usd1_latest.json,3009,0.003,2026-05-31T15:17:26.765823+00:00,D:\trading-agent\backend\services\onchain\aster\paper_trading_strategy_discovery_smoke_official_fee_usd1_latest.json,D:\trading-agent\backend\services\onchain\aster\archive\research_artifacts\paper_trading_strategy_discovery_smoke_official_fee_usd1_latest.json,True
smoke_test_artifact,paper_trading_strategy_discovery_smoke_official_fee_usd1_v2.csv,1134,0.001,2026-05-31T15:17:26.763784+00:00,D:\trading-agent\backend\services\onchain\aster\paper_trading_strategy_discovery_smoke_official_fee_usd1_v2.csv,D:\trading-agent\backend\services\onchain\aster\archive\research_artifacts\paper_trading_strategy_discovery_smoke_official_fee_usd1_v2.csv,True
smoke_test_artifact,paper_trading_strategy_discovery_smoke_perps_model_latest.json,3257,0.003,2026-05-31T11:01:40.901589+00:00,D:\trading-agent\backend\services\onchain\aster\paper_trading_strategy_discovery_smoke_perps_model_latest.json,D:\trading-agent\backend\services\onchain\aster\archive\research_artifacts\paper_trading_strategy_discovery_smoke_perps_model_latest.json,True
smoke_test_artifact,paper_trading_strategy_discovery_smoke_perps_model_v2.csv,1041,0.001,2026-05-31T11:01:40.897565+00:00,D:\trading-agent\backend\services\onchain\aster\paper_trading_strategy_discovery_smoke_perps_model_v2.csv,D:\trading-agent\backend\services\onchain\aster\archive\research_artifacts\paper_trading_strategy_discovery_smoke_perps_model_v2.csv,True
smoke_test_artifact,paper_trading_strategy_discovery_smoke_progress_heartbeat.json,700,0.001,2026-05-31T14:23:19.271309+00:00,D:\trading-agent\backend\services\onchain\aster\paper_trading_strategy_discovery_smoke_progress_heartbeat.json,D:\trading-agent\backend\services\onchain\aster\archive\research_artifacts\paper_trading_strategy_discovery_smoke_progress_heartbeat.json,True
smoke_test_artifact,paper_trading_strategy_discovery_smoke_progress_latest.json,2941,0.003,2026-05-31T14:23:19.258722+00:00,D:\trading-agent\backend\services\onchain\aster\paper_trading_strategy_discovery_smoke_progress_latest.json,D:\trading-agent\backend\services\onchain\aster\archive\research_artifacts\paper_trading_strategy_discovery_smoke_progress_latest.json,True
smoke_test_artifact,paper_trading_strategy_discovery_smoke_progress_partial_heartbeat.json,1368,0.001,2026-06-01T03:39:47.902586+00:00,D:\trading-agent\backend\services\onchain\aster\paper_trading_strategy_discovery_smoke_progress_partial_heartbeat.json,D:\trading-agent\backend\services\onchain\aster\archive\research_artifacts\paper_trading_strategy_discovery_smoke_progress_partial_heartbeat.json,True
smoke_test_artifact,paper_trading_strategy_discovery_smoke_progress_partial_latest.json,383700,0.384,2026-06-01T03:39:47.867580+00:00,D:\trading-agent\backend\services\onchain\aster\paper_trading_strategy_discovery_smoke_progress_partial_latest.json,D:\trading-agent\backend\services\onchain\aster\archive\research_artifacts\paper_trading_strategy_discovery_smoke_progress_partial_latest.json,True
smoke_test_artifact,paper_trading_strategy_discovery_smoke_progress_partial_progress_latest.json,109819,0.11,2026-06-01T03:39:47.835580+00:00,D:\trading-agent\backend\services\onchain\aster\paper_trading_strategy_discovery_smoke_progress_partial_progress_latest.json,D:\trading-agent\backend\services\onchain\aster\archive\research_artifacts\paper_trading_strategy_discovery_smoke_progress_partial_progress_latest.json,True
smoke_test_artifact,paper_trading_strategy_discovery_smoke_progress_partial_progress_v2.csv,104623,0.105,2026-06-01T03:39:47.827579+00:00,D:\trading-agent\backend\services\onchain\aster\paper_trading_strategy_discovery_smoke_progress_partial_progress_v2.csv,D:\trading-agent\backend\services\onchain\aster\archive\research_artifacts\paper_trading_strategy_discovery_smoke_progress_partial_progress_v2.csv,True
smoke_test_artifact,paper_trading_strategy_discovery_smoke_progress_partial_v2.csv,104623,0.105,2026-06-01T03:39:47.860579+00:00,D:\trading-agent\backend\services\onchain\aster\paper_trading_strategy_discovery_smoke_progress_partial_v2.csv,D:\trading-agent\backend\services\onchain\aster\archive\research_artifacts\paper_trading_strategy_discovery_smoke_progress_partial_v2.csv,True
smoke_test_artifact,paper_trading_strategy_discovery_smoke_progress_v2.csv,1041,0.001,2026-05-31T14:22:18.922592+00:00,D:\trading-agent\backend\services\onchain\aster\paper_trading_strategy_discovery_smoke_progress_v2.csv,D:\trading-agent\backend\services\onchain\aster\archive\research_artifacts\paper_trading_strategy_discovery_smoke_progress_v2.csv,True
smoke_test_artifact,paper_trading_strategy_discovery_smoke_real_funding_heartbeat.json,712,0.001,2026-05-31T14:39:05.662579+00:00,D:\trading-agent\backend\services\onchain\aster\paper_trading_strategy_discovery_smoke_real_funding_heartbeat.json,D:\trading-agent\backend\services\onchain\aster\archive\research_artifacts\paper_trading_strategy_discovery_smoke_real_funding_heartbeat.json,True
smoke_test_artifact,paper_trading_strategy_discovery_smoke_real_funding_lab_heartbeat.json,724,0.001,2026-05-31T14:39:17.728690+00:00,D:\trading-agent\backend\services\onchain\aster\paper_trading_strategy_discovery_smoke_real_funding_lab_heartbeat.json,D:\trading-agent\backend\services\onchain\aster\archive\research_artifacts\paper_trading_strategy_discovery_smoke_real_funding_lab_heartbeat.json,True
smoke_test_artifact,paper_trading_strategy_discovery_smoke_real_funding_lab_latest.json,3164,0.003,2026-05-31T14:39:17.716474+00:00,D:\trading-agent\backend\services\onchain\aster\paper_trading_strategy_discovery_smoke_real_funding_lab_latest.json,D:\trading-agent\backend\services\onchain\aster\archive\research_artifacts\paper_trading_strategy_discovery_smoke_real_funding_lab_latest.json,True
smoke_test_artifact,paper_trading_strategy_discovery_smoke_real_funding_lab_v2.csv,1134,0.001,2026-05-31T14:39:17.714463+00:00,D:\trading-agent\backend\services\onchain\aster\paper_trading_strategy_discovery_smoke_real_funding_lab_v2.csv,D:\trading-agent\backend\services\onchain\aster\archive\research_artifacts\paper_trading_strategy_discovery_smoke_real_funding_lab_v2.csv,True
smoke_test_artifact,paper_trading_strategy_discovery_smoke_real_funding_latest.json,2994,0.003,2026-05-31T14:39:05.650330+00:00,D:\trading-agent\backend\services\onchain\aster\paper_trading_strategy_discovery_smoke_real_funding_latest.json,D:\trading-agent\backend\services\onchain\aster\archive\research_artifacts\paper_trading_strategy_discovery_smoke_real_funding_latest.json,True
smoke_test_artifact,paper_trading_strategy_discovery_smoke_real_funding_v2.csv,1134,0.001,2026-05-31T14:39:05.650330+00:00,D:\trading-agent\backend\services\onchain\aster\paper_trading_strategy_discovery_smoke_real_funding_v2.csv,D:\trading-agent\backend\services\onchain\aster\archive\research_artifacts\paper_trading_strategy_discovery_smoke_real_funding_v2.csv,True
smoke_test_artifact,paper_trading_strategy_discovery_smoke_ws_quality_csv_heartbeat.json,718,0.001,2026-05-31T15:44:14.610789+00:00,D:\trading-agent\backend\services\onchain\aster\paper_trading_strategy_discovery_smoke_ws_quality_csv_heartbeat.json,D:\trading-agent\backend\services\onchain\aster\archive\research_artifacts\paper_trading_strategy_discovery_smoke_ws_quality_csv_heartbeat.json,True
smoke_test_artifact,paper_trading_strategy_discovery_smoke_ws_quality_csv_latest.json,3113,0.003,2026-05-31T15:44:14.600401+00:00,D:\trading-agent\backend\services\onchain\aster\paper_trading_strategy_discovery_smoke_ws_quality_csv_latest.json,D:\trading-agent\backend\services\onchain\aster\archive\research_artifacts\paper_trading_strategy_discovery_smoke_ws_quality_csv_latest.json,True
smoke_test_artifact,paper_trading_strategy_discovery_smoke_ws_quality_csv_v2.csv,1432,0.001,2026-05-31T15:44:14.596474+00:00,D:\trading-agent\backend\services\onchain\aster\paper_trading_strategy_discovery_smoke_ws_quality_csv_v2.csv,D:\trading-agent\backend\services\onchain\aster\archive\research_artifacts\paper_trading_strategy_discovery_smoke_ws_quality_csv_v2.csv,True
legacy_monitor_or_old_champion_artifact,paper_trading_strategy_monitor.csv,5463,0.005,2026-05-24T17:37:59.817565+00:00,D:\trading-agent\backend\services\onchain\aster\paper_trading_strategy_monitor.csv,D:\trading-agent\backend\services\onchain\aster\archive\research_artifacts\paper_trading_strategy_monitor.csv,True
legacy_monitor_or_old_champion_artifact,paper_trading_strategy_rotation_latest.json,33307,0.033,2026-05-29T17:06:56.031919+00:00,D:\trading-agent\backend\services\onchain\aster\paper_trading_strategy_rotation_latest.json,D:\trading-agent\backend\services\onchain\aster\archive\research_artifacts\paper_trading_strategy_rotation_latest.json,True
