rl_recommended_action,rl_policy_score,rl_reward,rl_action_label,mistake_guardrail_verdict,mistake_risk_score,mistake_blockers,mistake_warnings,required_next_actions,strategy_family_key,lane_family_verdict,family_support_score,family_lane_count,family_unique_symbols,family_unique_intervals,family_positive_reward_rate,family_avg_reward,family_avg_mistake_risk_score,family_blocked_or_review_rate,symbol,interval,side,asset_category,output_tag,search_mode,trigger_reference,execution_model,risk_profile,best_tradable_leverage,roi_pct_on_paper_balance,win_rate,profit_factor,closed_trades,max_drawdown_usd,mark_index_verdict,microstructure_verdict,reality_validation_status,validation_freshness_verdict,validation_freshness_warnings,ws_quality_verdict,exchange_filter_verdict,out_of_sample_status,rl_policy_reasons,source_file,lane_key
forward_watch,12.333019,17.592192,forward_watch,watch_only,20,,out_of_sample_missing;exchange_filter_warning,rerun_discovery_with_train_validation_split;rerun_exchangeinfo_enriched_discovery,priority_watchlist_exploration|long|last_price|taker_market,family_blocked,0.0,1026,15,7,0.157895,-4.680357,70.080897,0.920078,HYPEUSDT,5h,long,altcoin,priority_watchlist_prod,exploration,last_price,,strict_6_12,10.0,5.219165,0.909091,10.882973,11,7.542223,mark_index_confirmed,microstructure_ok,validation_passed_clean,fresh_enough,,ws_forward_ready,warning,,mark_index_verdict=mark_index_confirmed;microstructure_verdict=microstructure_ok;reality_validation_status=validation_passed_clean;validation_freshness_verdict=fresh_enough;mistake_guardrail_verdict=watch_only;lane_family_verdict=family_blocked;asset_category=altcoin,paper_trading_strategy_discovery_priority_watchlist_prod_v2.csv,aster_strategy:priority_watchlist_prod:priority_watchlist:hypeusdt:long:5h:exploration:last_price:taker_market:strict_6_12:s60.0:v500.0:slneg6.0:tp12.0:ta6.0:td3.0:h600:lev1p0_2p0_3p0_5p0_10p0_20p0
forward_watch,12.242036,17.449625,forward_watch,watch_only,20,,out_of_sample_missing;exchange_filter_warning,rerun_discovery_with_train_validation_split;rerun_exchangeinfo_enriched_discovery,priority_watchlist_exploration|long|last_price|taker_market,family_blocked,0.0,1026,15,7,0.157895,-4.680357,70.080897,0.920078,HYPEUSDT,3h,long,altcoin,priority_watchlist_prod,exploration,last_price,,wide_8_16,5.0,5.719652,0.9,11.463063,10,11.655647,mark_index_confirmed,microstructure_ok,validation_passed_clean,fresh_enough,,ws_forward_ready,warning,,mark_index_verdict=mark_index_confirmed;microstructure_verdict=microstructure_ok;reality_validation_status=validation_passed_clean;validation_freshness_verdict=fresh_enough;mistake_guardrail_verdict=watch_only;lane_family_verdict=family_blocked;asset_category=altcoin,paper_trading_strategy_discovery_priority_watchlist_prod_v2.csv,aster_strategy:priority_watchlist_prod:priority_watchlist:hypeusdt:long:3h:exploration:last_price:taker_market:wide_8_16:s60.0:v500.0:slneg8.0:tp16.0:ta8.0:td4.0:h800:lev1p0_2p0_3p0_5p0_10p0_20p0
forward_watch,11.911434,17.056352,forward_watch,watch_only,20,,out_of_sample_missing;exchange_filter_warning,rerun_discovery_with_train_validation_split;rerun_exchangeinfo_enriched_discovery,priority_watchlist_exploration|long|last_price|taker_market,family_blocked,0.0,1026,15,7,0.157895,-4.680357,70.080897,0.920078,HYPEUSDT,15m,long,altcoin,priority_watchlist_prod,exploration,last_price,,wide_10_20,5.0,5.605505,0.888889,8.370203,9,12.127514,mark_index_confirmed,microstructure_ok,validation_passed_clean,fresh_enough,,ws_forward_ready,warning,,mark_index_verdict=mark_index_confirmed;microstructure_verdict=microstructure_ok;reality_validation_status=validation_passed_clean;validation_freshness_verdict=fresh_enough;mistake_guardrail_verdict=watch_only;lane_family_verdict=family_blocked;asset_category=altcoin,paper_trading_strategy_discovery_priority_watchlist_prod_v2.csv,aster_strategy:priority_watchlist_prod:priority_watchlist:hypeusdt:long:15m:exploration:last_price:taker_market:wide_10_20:s70.0:v500.0:slneg10.0:tp20.0:ta10.0:td5.0:h1000:lev1p0_2p0_3p0_5p0_10p0_20p0
forward_watch,1.483882,5.734257,forward_watch,watch_only,27,,mark_index_watch;reality_pack_watch;out_of_sample_missing,rerun_discovery_with_train_validation_split,crypto_liquid_momentum|long|mark_price|bbo_limit,family_blocked,0.0,1739,25,7,0.039103,-9.563436,77.986199,0.968948,HUSDT,3h,long,altcoin,memecoin_volatile_strategy_search,deep,mark_price,,wide_10_20,5.0,19.932792,0.882353,19.645507,17,13.968448,mark_index_watch,microstructure_ok,validation_passed_watch,fresh_enough,,not_checked,ok,,mark_index_verdict=mark_index_watch;microstructure_verdict=microstructure_ok;reality_validation_status=validation_passed_watch;validation_freshness_verdict=fresh_enough;mistake_guardrail_verdict=watch_only;lane_family_verdict=family_blocked;asset_category=altcoin,paper_trading_strategy_discovery_memecoin_volatile_strategy_search_v2.csv,aster_strategy:memecoin_volatile_strategy_search:core:husdt:long:3h:deep:mark_price:bbo_limit:wide_10_20:s55.0:v500.0:slneg10.0:tp20.0:ta10.0:td5.0:h1000:lev1p0_2p0_3p0_5p0_10p0_20p0
explore_more,-6.036775,-0.96416,explore_more,review_required,52,,mark_index_not_checked;reality_pack_not_checked;out_of_sample_missing;exchange_filter_warning,run_mark_index_replay_filter;run_queue_reality_pack_validator;rerun_discovery_with_train_validation_split;rerun_exchangeinfo_enriched_discovery,crypto_liquid_momentum|long|mark_price|bbo_limit,family_blocked,0.0,1739,25,7,0.039103,-9.563436,77.986199,0.968948,HYPEUSDT,30m,long,altcoin,focused_candidate_validation,deep,mark_price,,scalp_2p5_5,5.0,5.913587,0.706897,2.612368,58,10.001885,not_checked,microstructure_ok,not_checked,fresh_enough,,ws_forward_ready,warning,,mark_index_verdict=not_checked;microstructure_verdict=microstructure_ok;reality_validation_status=not_checked;validation_freshness_verdict=fresh_enough;mistake_guardrail_verdict=review_required;lane_family_verdict=family_blocked;asset_category=altcoin,paper_trading_strategy_discovery_focused_candidate_validation_v2.csv,aster_strategy:focused_candidate_validation:core:hypeusdt:long:30m:deep:mark_price:bbo_limit:scalp_2p5_5:s65.0:v500.0:slneg2.5:tp5.0:ta2.5:td1.25:h360:lev1p0_2p0_3p0_5p0_10p0_20p0
reject_or_rework,-10.117477,-10.117477,reject_or_rework,review_required,58,,mark_index_not_checked;microstructure_not_checked;reality_pack_not_checked;out_of_sample_missing,run_mark_index_replay_filter;run_microstructure_replay_validator;run_queue_reality_pack_validator;rerun_discovery_with_train_validation_split,crypto_liquid_momentum|long|mark_price|bbo_limit,family_blocked,0.0,1739,25,7,0.039103,-9.563436,77.986199,0.968948,DOGEUSDT,5h,long,memecoin,core_prod_mark_bbo,deep,mark_price,,balanced_4_8,10.0,1.360235,0.727273,2.731296,11,4.52757,not_checked,not_checked,not_checked,fresh_enough,,not_checked,ok,,outside_similarity_pool=direct_reward_only,paper_trading_strategy_discovery_core_prod_mark_bbo_v2.csv,aster_strategy:core_prod_mark_bbo:core:dogeusdt:long:5h:deep:mark_price:bbo_limit:balanced_4_8:s55.0:v1000.0:slneg4.0:tp8.0:ta4.0:td2.0:h600:lev1p0_2p0_3p0_5p0_10p0_20p0
reject_or_rework,-10.118383,-10.118383,reject_or_rework,review_required,66,,mark_index_not_checked;microstructure_not_checked;reality_pack_not_checked;out_of_sample_missing;exchange_filter_warning,run_mark_index_replay_filter;run_microstructure_replay_validator;run_queue_reality_pack_validator;rerun_discovery_with_train_validation_split;rerun_exchangeinfo_enriched_discovery,macro_commodity_slow_confirmation|long|mark_price|bbo_limit,family_blocked,0.0,277,3,7,0.0,-8.239066,72.620939,1.0,XAGUSDT,15m,long,commodity,macro_equity_prod_mark_bbo,exploration,mark_price,,balanced_4_8,10.0,2.11218,0.875,7.163976,8,7.790083,not_checked,not_checked,not_checked,fresh_enough,,ws_forward_watch,warning,,outside_similarity_pool=direct_reward_only,paper_trading_strategy_discovery_macro_equity_prod_mark_bbo_v2.csv,aster_strategy:macro_equity_prod_mark_bbo:macro_equity:xagusdt:long:15m:exploration:mark_price:bbo_limit:balanced_4_8:s80.0:v500.0:slneg4.0:tp8.0:ta4.0:td2.0:h600:lev1p0_2p0_3p0_5p0_10p0_20p0
reject_or_rework,-10.119312,-10.119312,reject_or_rework,review_required,58,,mark_index_not_checked;microstructure_not_checked;reality_pack_not_checked;out_of_sample_missing,run_mark_index_replay_filter;run_microstructure_replay_validator;run_queue_reality_pack_validator;rerun_discovery_with_train_validation_split,priority_watchlist_exploration|long|last_price|taker_market,family_blocked,0.0,1026,15,7,0.157895,-4.680357,70.080897,0.920078,PLAYUSDT,30m,long,altcoin,priority_watchlist_prod,exploration,last_price,,wide_10_20,2.0,13.44569,0.580645,2.28867,31,37.676257,not_checked,not_checked,not_checked,fresh_enough,,not_checked,ok,,outside_similarity_pool=direct_reward_only,paper_trading_strategy_discovery_priority_watchlist_prod_v2.csv,aster_strategy:priority_watchlist_prod:priority_watchlist:playusdt:long:30m:exploration:last_price:taker_market:wide_10_20:s65.0:v10000.0:slneg10.0:tp20.0:ta10.0:td5.0:h1000:lev1p0_2p0_3p0_5p0_10p0_20p0
reject_or_rework,-10.122965,-10.122965,reject_or_rework,promotion_blocked,68,validator_freshness_not_clean:stale_validation_overlays,mark_index_not_checked;microstructure_not_checked;reality_pack_not_checked,rerun_mark_index_microstructure_reality_pack;run_mark_index_replay_filter;run_microstructure_replay_validator;run_queue_reality_pack_validator,crypto_liquid_momentum|long|last_price|taker_market,family_blocked,0.0,529,16,7,0.0,-8.284963,80.226843,1.0,ORDIUSDT,15m,long,altcoin,core_postfix_explore_20260603,exploration,last_price,taker_market,scalp_2p5_5,5.0,4.874135,0.566667,2.480922,30,15.116594,not_checked,not_checked,not_checked,stale_validation_overlays,"mark_index_older_than_source,microstructure_older_than_source,reality_pack_older_than_source",not_checked,ok,passed_latest_window_validation,outside_similarity_pool=direct_reward_only,paper_trading_strategy_discovery_core_postfix_explore_20260603_v2.csv,aster_strategy:core_postfix_explore_20260603:core:ordiusdt:long:15m:exploration:last_price:taker_market:scalp_2p5_5:s75.0:v25000.0:slneg2.5:tp5.0:ta2.5:td1.25:h360:w40:lev5
reject_or_rework,-10.127476,-10.127476,reject_or_rework,review_required,58,,mark_index_not_checked;microstructure_not_checked;reality_pack_not_checked;out_of_sample_missing,run_mark_index_replay_filter;run_microstructure_replay_validator;run_queue_reality_pack_validator;rerun_discovery_with_train_validation_split,crypto_liquid_momentum|long|mark_price|bbo_limit,family_blocked,0.0,1739,25,7,0.039103,-9.563436,77.986199,0.968948,ADAUSDT,15m,long,major_crypto,core_prod_mark_bbo,deep,mark_price,,balanced_4_8,10.0,1.457976,0.75,3.270568,8,6.94937,not_checked,not_checked,not_checked,fresh_enough,,not_checked,ok,,outside_similarity_pool=direct_reward_only,paper_trading_strategy_discovery_core_prod_mark_bbo_v2.csv,aster_strategy:core_prod_mark_bbo:core:adausdt:long:15m:deep:mark_price:bbo_limit:balanced_4_8:s75.0:v25000.0:slneg4.0:tp8.0:ta4.0:td2.0:h600:lev1p0_2p0_3p0_5p0_10p0_20p0
reject_or_rework,-10.132939,-10.132939,reject_or_rework,review_required,58,,mark_index_not_checked;microstructure_not_checked;reality_pack_not_checked;out_of_sample_missing,run_mark_index_replay_filter;run_microstructure_replay_validator;run_queue_reality_pack_validator;rerun_discovery_with_train_validation_split,crypto_liquid_momentum|long|mark_price|bbo_limit,family_blocked,0.0,1739,25,7,0.039103,-9.563436,77.986199,0.968948,DOGEUSDT,30m,long,memecoin,core_prod_mark_bbo,deep,mark_price,,scalp_2p5_5,10.0,1.437929,0.653846,1.713527,26,6.898516,not_checked,not_checked,not_checked,fresh_enough,,not_checked,ok,,outside_similarity_pool=direct_reward_only,paper_trading_strategy_discovery_core_prod_mark_bbo_v2.csv,aster_strategy:core_prod_mark_bbo:core:dogeusdt:long:30m:deep:mark_price:bbo_limit:scalp_2p5_5:s80.0:v500.0:slneg2.5:tp5.0:ta2.5:td1.25:h360:lev1p0_2p0_3p0_5p0_10p0_20p0
reject_or_rework,-10.137495,-10.137495,reject_or_rework,promotion_blocked,76,validator_freshness_not_clean:stale_validation_overlays,mark_index_not_checked;microstructure_not_checked;reality_pack_not_checked;exchange_filter_warning,rerun_mark_index_microstructure_reality_pack;run_mark_index_replay_filter;run_microstructure_replay_validator;run_queue_reality_pack_validator;rerun_exchangeinfo_enriched_discovery,priority_watchlist_exploration|long|last_price|taker_market,family_blocked,0.0,1026,15,7,0.157895,-4.680357,70.080897,0.920078,SOLUSD1,5h,long,major_crypto,aster_v2_postfix_20260603,exploration,last_price,taker_market,micro_scalp_1_2,10.0,0.367405,0.5,1.537884,18,3.270397,not_checked,not_checked,not_checked,stale_validation_overlays,"mark_index_older_than_source,microstructure_older_than_source,reality_pack_older_than_source",ws_forward_ready,warning,passed_latest_window_validation,outside_similarity_pool=direct_reward_only,paper_trading_strategy_discovery_aster_v2_postfix_20260603_v2.csv,aster_strategy:aster_v2_postfix_20260603:aster_v2:solusd1:long:5h:exploration:last_price:taker_market:micro_scalp_1_2:s55.0:v500.0:slneg1.0:tp2.0:ta1.0:td0.5:h180:w20:lev10
reject_or_rework,-10.137762,-10.137762,reject_or_rework,review_required,66,,mark_index_not_checked;microstructure_not_checked;reality_pack_not_checked;out_of_sample_missing;exchange_filter_warning,run_mark_index_replay_filter;run_microstructure_replay_validator;run_queue_reality_pack_validator;rerun_discovery_with_train_validation_split;rerun_exchangeinfo_enriched_discovery,equity_synth_slow_confirmation|long|mark_price|bbo_limit,family_blocked,0.0,985,11,7,0.0,-10.291324,81.669036,1.0,NVDAUSDT,2h,long,equity_synthetic,macro_equity_validation_20260602,exploration,mark_price,,scalp_2p5_5,10.0,2.008522,0.818182,6.593287,11,4.553547,not_checked,not_checked,not_checked,fresh_enough,,ws_forward_watch,warning,,outside_similarity_pool=direct_reward_only,paper_trading_strategy_discovery_macro_equity_validation_20260602_v2.csv,aster_strategy:macro_equity_validation_20260602:macro_equity:nvdausdt:long:2h:exploration:mark_price:bbo_limit:scalp_2p5_5:s55.0:v25000.0:slneg2.5:tp5.0:ta2.5:td1.25:h360:lev1p0_2p0_3p0_5p0_10p0_20p0
reject_or_rework,-10.140328,-10.140328,reject_or_rework,promotion_blocked,78,validator_freshness_not_clean:stale_validation_overlays,mark_index_not_checked;microstructure_not_checked;reality_pack_not_checked;open_unrealized_pnl_separate_from_realized,rerun_mark_index_microstructure_reality_pack;run_mark_index_replay_filter;run_microstructure_replay_validator;run_queue_reality_pack_validator;rank_on_realized_pnl_not_latent,crypto_liquid_momentum|long|mark_price|bbo_limit,family_blocked,0.0,1739,25,7,0.039103,-9.563436,77.986199,0.968948,BOMEUSDT,15m,long,memecoin,volatile_crypto_postfix_20260603,deep,mark_price,bbo_limit,balanced_4_8,3.0,4.761692,0.575758,1.500893,66,18.716547,not_checked,not_checked,not_checked,stale_validation_overlays,"mark_index_older_than_source,microstructure_older_than_source,reality_pack_older_than_source",not_checked,ok,passed_latest_window_validation,outside_similarity_pool=direct_reward_only,paper_trading_strategy_discovery_volatile_crypto_postfix_20260603_v2.csv,aster_strategy:volatile_crypto_postfix_20260603:core:bomeusdt:long:15m:deep:mark_price:bbo_limit:balanced_4_8:s80.0:v1000.0:slneg4.0:tp8.0:ta4.0:td2.0:h600:w40:lev3
reject_or_rework,-10.152454,-10.152454,reject_or_rework,review_required,58,,mark_index_not_checked;microstructure_not_checked;reality_pack_not_checked;out_of_sample_missing,run_mark_index_replay_filter;run_microstructure_replay_validator;run_queue_reality_pack_validator;rerun_discovery_with_train_validation_split,crypto_liquid_momentum|long|mark_price|bbo_limit,family_blocked,0.0,1739,25,7,0.039103,-9.563436,77.986199,0.968948,ADAUSDT,5h,long,major_crypto,core_prod_mark_bbo,deep,mark_price,,frequent_3_6,10.0,1.133075,0.714286,2.443311,14,4.948326,not_checked,not_checked,not_checked,fresh_enough,,not_checked,ok,,outside_similarity_pool=direct_reward_only,paper_trading_strategy_discovery_core_prod_mark_bbo_v2.csv,aster_strategy:core_prod_mark_bbo:core:adausdt:long:5h:deep:mark_price:bbo_limit:frequent_3_6:s55.0:v500.0:slneg3.0:tp6.0:ta3.0:td1.5:h600:lev1p0_2p0_3p0_5p0_10p0_20p0
reject_or_rework,-10.156099,-10.156099,reject_or_rework,promotion_blocked,76,source_is_progress_snapshot_not_final_csv,mark_index_not_checked;microstructure_not_checked;reality_pack_not_checked;out_of_sample_missing,wait_for_or_use_final_v2_csv;run_mark_index_replay_filter;run_microstructure_replay_validator;run_queue_reality_pack_validator;rerun_discovery_with_train_validation_split,crypto_liquid_momentum|long|mark_price|bbo_limit,family_blocked,0.0,1739,25,7,0.039103,-9.563436,77.986199,0.968948,DOGEUSDT,2h,long,memecoin,core_prod_mark_bbo,deep,mark_price,,micro_scalp_1_2,10.0,0.772973,0.552941,1.354565,85,7.378888,not_checked,not_checked,not_checked,fresh_enough,,not_checked,ok,,outside_similarity_pool=direct_reward_only,paper_trading_strategy_discovery_core_prod_mark_bbo_progress_v2.csv,aster_strategy:core_prod_mark_bbo:core:dogeusdt:long:2h:deep:mark_price:bbo_limit:micro_scalp_1_2:s55.0:v500.0:slneg1.0:tp2.0:ta1.0:td0.5:h180:lev1p0_2p0_3p0_5p0_10p0_20p0
reject_or_rework,-10.158261,-10.158261,reject_or_rework,promotion_blocked,78,validator_freshness_not_clean:stale_validation_overlays,mark_index_not_checked;microstructure_not_checked;reality_pack_not_checked;open_unrealized_pnl_separate_from_realized,rerun_mark_index_microstructure_reality_pack;run_mark_index_replay_filter;run_microstructure_replay_validator;run_queue_reality_pack_validator;rank_on_realized_pnl_not_latent,crypto_liquid_momentum|long|last_price|taker_market,family_blocked,0.0,529,16,7,0.0,-8.284963,80.226843,1.0,NEARUSDT,1h,long,altcoin,core_postfix_explore_20260603,exploration,last_price,taker_market,mid_5_10,3.0,5.841848,0.761905,4.330895,21,13.704147,not_checked,not_checked,not_checked,stale_validation_overlays,"mark_index_older_than_source,microstructure_older_than_source,reality_pack_older_than_source",not_checked,ok,passed_latest_window_validation,outside_similarity_pool=direct_reward_only,paper_trading_strategy_discovery_core_postfix_explore_20260603_v2.csv,aster_strategy:core_postfix_explore_20260603:core:nearusdt:long:1h:exploration:last_price:taker_market:mid_5_10:s60.0:v3000.0:slneg5.0:tp10.0:ta5.0:td2.5:h600:w10:lev3
reject_or_rework,-10.160429,-10.160429,reject_or_rework,promotion_blocked,68,validator_freshness_not_clean:stale_validation_overlays,mark_index_not_checked;microstructure_not_checked;reality_pack_not_checked,rerun_mark_index_microstructure_reality_pack;run_mark_index_replay_filter;run_microstructure_replay_validator;run_queue_reality_pack_validator,crypto_liquid_momentum|long|last_price|taker_market,family_blocked,0.0,529,16,7,0.0,-8.284963,80.226843,1.0,LINKUSDT,30m,long,major_crypto,core_postfix_explore_20260603,exploration,last_price,taker_market,micro_scalp_1_2,10.0,0.368616,0.714286,2.108314,21,3.657437,not_checked,not_checked,not_checked,stale_validation_overlays,"mark_index_older_than_source,microstructure_older_than_source,reality_pack_older_than_source",not_checked,ok,passed_latest_window_validation,outside_similarity_pool=direct_reward_only,paper_trading_strategy_discovery_core_postfix_explore_20260603_v2.csv,aster_strategy:core_postfix_explore_20260603:core:linkusdt:long:30m:exploration:last_price:taker_market:micro_scalp_1_2:s70.0:v25000.0:slneg1.0:tp2.0:ta1.0:td0.5:h180:w20:lev10
reject_or_rework,-10.161943,-10.161943,reject_or_rework,review_required,66,,mark_index_not_checked;microstructure_not_checked;reality_pack_not_checked;out_of_sample_missing;exchange_filter_warning,run_mark_index_replay_filter;run_microstructure_replay_validator;run_queue_reality_pack_validator;rerun_discovery_with_train_validation_split;rerun_exchangeinfo_enriched_discovery,crypto_liquid_momentum|long|mark_price|bbo_limit,family_blocked,0.0,1739,25,7,0.039103,-9.563436,77.986199,0.968948,1000WOJAKUSDT,15m,long,memecoin,memecoin_volatile_strategy_search,deep,mark_price,,frequent_3_6,3.0,18.032642,0.553719,2.017192,121,25.102034,not_checked,not_checked,not_checked,fresh_enough,,not_checked,warning,,outside_similarity_pool=direct_reward_only,paper_trading_strategy_discovery_memecoin_volatile_strategy_search_v2.csv,aster_strategy:memecoin_volatile_strategy_search:core:1000wojakusdt:long:15m:deep:mark_price:bbo_limit:frequent_3_6:s75.0:v500.0:slneg3.0:tp6.0:ta3.0:td1.5:h600:lev1p0_2p0_3p0_5p0_10p0_20p0
reject_or_rework,-10.182557,-10.182557,reject_or_rework,promotion_blocked,68,validator_freshness_not_clean:stale_validation_overlays,mark_index_not_checked;microstructure_not_checked;reality_pack_not_checked,rerun_mark_index_microstructure_reality_pack;run_mark_index_replay_filter;run_microstructure_replay_validator;run_queue_reality_pack_validator,crypto_liquid_momentum|long|mark_price|bbo_limit,family_blocked,0.0,1739,25,7,0.039103,-9.563436,77.986199,0.968948,SUIUSDT,5h,long,altcoin,core_postfix_mark_bbo_20260603,deep,mark_price,bbo_limit,micro_scalp_1_2,10.0,2.114092,0.571429,3.502166,14,5.12175,not_checked,not_checked,not_checked,stale_validation_overlays,"mark_index_older_than_source,microstructure_older_than_source,reality_pack_older_than_source",not_checked,ok,passed_latest_window_validation,outside_similarity_pool=direct_reward_only,paper_trading_strategy_discovery_core_postfix_mark_bbo_20260603_v2.csv,aster_strategy:core_postfix_mark_bbo_20260603:core:suiusdt:long:5h:deep:mark_price:bbo_limit:micro_scalp_1_2:s65.0:v500.0:slneg1.0:tp2.0:ta1.0:td0.5:h180:w8:lev10
reject_or_rework,-10.183858,-10.183858,reject_or_rework,promotion_blocked,68,validator_freshness_not_clean:stale_validation_overlays,mark_index_not_checked;microstructure_not_checked;reality_pack_not_checked,rerun_mark_index_microstructure_reality_pack;run_mark_index_replay_filter;run_microstructure_replay_validator;run_queue_reality_pack_validator,crypto_liquid_momentum|long|mark_price|bbo_limit,family_blocked,0.0,1739,25,7,0.039103,-9.563436,77.986199,0.968948,WLDUSDT,2h,long,altcoin,volatile_crypto_postfix_20260603,deep,mark_price,bbo_limit,scalp_2p5_5,5.0,3.086498,0.592593,2.267177,27,10.517211,not_checked,not_checked,not_checked,stale_validation_overlays,"mark_index_older_than_source,microstructure_older_than_source,reality_pack_older_than_source",not_checked,ok,passed_latest_window_validation,outside_similarity_pool=direct_reward_only,paper_trading_strategy_discovery_volatile_crypto_postfix_20260603_v2.csv,aster_strategy:volatile_crypto_postfix_20260603:core:wldusdt:long:2h:deep:mark_price:bbo_limit:scalp_2p5_5:s60.0:v25000.0:slneg2.5:tp5.0:ta2.5:td1.25:h360:w8:lev5
reject_or_rework,-10.186258,-10.186258,reject_or_rework,promotion_blocked,76,source_is_progress_snapshot_not_final_csv,mark_index_not_checked;microstructure_not_checked;reality_pack_not_checked;out_of_sample_missing,wait_for_or_use_final_v2_csv;run_mark_index_replay_filter;run_microstructure_replay_validator;run_queue_reality_pack_validator;rerun_discovery_with_train_validation_split,crypto_liquid_momentum|long|mark_price|bbo_limit,family_blocked,0.0,1739,25,7,0.039103,-9.563436,77.986199,0.968948,BOMEUSDT,4h,long,memecoin,core_prod_mark_bbo,deep,mark_price,,runner_5_15,10.0,8.108352,0.636364,6.477266,11,8.569294,not_checked,not_checked,not_checked,fresh_enough,,not_checked,ok,,outside_similarity_pool=direct_reward_only,paper_trading_strategy_discovery_core_prod_mark_bbo_progress_v2.csv,aster_strategy:core_prod_mark_bbo:core:bomeusdt:long:4h:deep:mark_price:bbo_limit:runner_5_15:s60.0:v5000.0:slneg5.0:tp15.0:ta7.5:td3.0:h900:lev1p0_2p0_3p0_5p0_10p0_20p0
reject_or_rework,-10.187194,-10.187194,reject_or_rework,review_required,58,,mark_index_not_checked;microstructure_not_checked;reality_pack_not_checked;out_of_sample_missing,run_mark_index_replay_filter;run_microstructure_replay_validator;run_queue_reality_pack_validator;rerun_discovery_with_train_validation_split,crypto_liquid_momentum|long|mark_price|bbo_limit,family_blocked,0.0,1739,25,7,0.039103,-9.563436,77.986199,0.968948,SEIUSDT,30m,long,altcoin,queue_reality_validation_20260602,exploration,mark_price,,wide_8_16,5.0,3.242714,0.75,3.558699,8,14.381454,not_checked,not_checked,not_checked,fresh_enough,,not_checked,ok,,outside_similarity_pool=direct_reward_only,paper_trading_strategy_discovery_queue_reality_validation_20260602_v2.csv,aster_strategy:queue_reality_validation_20260602:core:seiusdt:long:30m:exploration:mark_price:bbo_limit:wide_8_16:s75.0:v1000.0:slneg8.0:tp16.0:ta8.0:td4.0:h800:lev1p0_2p0_3p0_5p0_10p0_20p0
reject_or_rework,-10.190003,-10.190003,reject_or_rework,promotion_blocked,86,validator_freshness_not_clean:stale_validation_overlays,mark_index_not_checked;microstructure_not_checked;reality_pack_not_checked;exchange_filter_warning;open_unrealized_pnl_separate_from_realized,rerun_mark_index_microstructure_reality_pack;run_mark_index_replay_filter;run_microstructure_replay_validator;run_queue_reality_pack_validator;rerun_exchangeinfo_enriched_discovery;rank_on_realized_pnl_not_latent,priority_watchlist_exploration|long|last_price|taker_market,family_blocked,0.0,1026,15,7,0.157895,-4.680357,70.080897,0.920078,BNBUSDT,5h,long,major_crypto,aster_v2_postfix_20260603,exploration,last_price,taker_market,frequent_3_6,10.0,1.187344,0.75,3.315782,8,3.232779,not_checked,not_checked,not_checked,stale_validation_overlays,"mark_index_older_than_source,microstructure_older_than_source,reality_pack_older_than_source",ws_forward_ready,warning,passed_latest_window_validation,outside_similarity_pool=direct_reward_only,paper_trading_strategy_discovery_aster_v2_postfix_20260603_v2.csv,aster_strategy:aster_v2_postfix_20260603:aster_v2:bnbusdt:long:5h:exploration:last_price:taker_market:frequent_3_6:s60.0:v500.0:slneg3.0:tp6.0:ta3.0:td1.5:h600:w10:lev10
reject_or_rework,-10.192259,-10.192259,reject_or_rework,promotion_blocked,78,validator_freshness_not_clean:stale_validation_overlays,mark_index_not_checked;microstructure_not_checked;reality_pack_not_checked;open_unrealized_pnl_separate_from_realized,rerun_mark_index_microstructure_reality_pack;run_mark_index_replay_filter;run_microstructure_replay_validator;run_queue_reality_pack_validator;rank_on_realized_pnl_not_latent,crypto_liquid_momentum|long|mark_price|bbo_limit,family_blocked,0.0,1739,25,7,0.039103,-9.563436,77.986199,0.968948,ARBUSDT,15m,long,altcoin,core_postfix_mark_bbo_20260603,deep,mark_price,bbo_limit,scalp_2p5_5,5.0,2.459165,0.614035,1.565505,57,10.518452,not_checked,not_checked,not_checked,stale_validation_overlays,"mark_index_older_than_source,microstructure_older_than_source,reality_pack_older_than_source",not_checked,ok,passed_latest_window_validation,outside_similarity_pool=direct_reward_only,paper_trading_strategy_discovery_core_postfix_mark_bbo_20260603_v2.csv,aster_strategy:core_postfix_mark_bbo_20260603:core:arbusdt:long:15m:deep:mark_price:bbo_limit:scalp_2p5_5:s75.0:v10000.0:slneg2.5:tp5.0:ta2.5:td1.25:h360:w60:lev5
reject_or_rework,-10.19367,-10.19367,reject_or_rework,review_required,58,,mark_index_not_checked;microstructure_not_checked;reality_pack_not_checked;out_of_sample_missing,run_mark_index_replay_filter;run_microstructure_replay_validator;run_queue_reality_pack_validator;rerun_discovery_with_train_validation_split,crypto_liquid_momentum|long|mark_price|bbo_limit,family_blocked,0.0,1739,25,7,0.039103,-9.563436,77.986199,0.968948,ARBUSDT,2h,long,altcoin,core_prod_mark_bbo,deep,mark_price,,balanced_4_8,5.0,2.834944,0.666667,3.512803,12,12.657894,not_checked,not_checked,not_checked,fresh_enough,,not_checked,ok,,outside_similarity_pool=direct_reward_only,paper_trading_strategy_discovery_core_prod_mark_bbo_v2.csv,aster_strategy:core_prod_mark_bbo:core:arbusdt:long:2h:deep:mark_price:bbo_limit:balanced_4_8:s55.0:v5000.0:slneg4.0:tp8.0:ta4.0:td2.0:h600:lev1p0_2p0_3p0_5p0_10p0_20p0
reject_or_rework,-10.19416,-10.19416,reject_or_rework,review_required,58,,mark_index_not_checked;microstructure_not_checked;reality_pack_not_checked;out_of_sample_missing,run_mark_index_replay_filter;run_microstructure_replay_validator;run_queue_reality_pack_validator;rerun_discovery_with_train_validation_split,crypto_liquid_momentum|long|mark_price|bbo_limit,family_blocked,0.0,1739,25,7,0.039103,-9.563436,77.986199,0.968948,SEIUSDT,15m,long,altcoin,queue_reality_validation_20260602,exploration,mark_price,,strict_6_12,5.0,3.180219,0.727273,3.83725,11,17.198203,not_checked,not_checked,not_checked,fresh_enough,,not_checked,ok,,outside_similarity_pool=direct_reward_only,paper_trading_strategy_discovery_queue_reality_validation_20260602_v2.csv,aster_strategy:queue_reality_validation_20260602:core:seiusdt:long:15m:exploration:mark_price:bbo_limit:strict_6_12:s75.0:v5000.0:slneg6.0:tp12.0:ta6.0:td3.0:h600:lev1p0_2p0_3p0_5p0_10p0_20p0
reject_or_rework,-10.196958,-10.196958,reject_or_rework,promotion_blocked,76,validator_freshness_not_clean:stale_validation_overlays,mark_index_not_checked;microstructure_not_checked;reality_pack_not_checked;high_leverage_requires_extra_liquidation_review,rerun_mark_index_microstructure_reality_pack;run_mark_index_replay_filter;run_microstructure_replay_validator;run_queue_reality_pack_validator,crypto_liquid_momentum|long|last_price|taker_market,family_blocked,0.0,529,16,7,0.0,-8.284963,80.226843,1.0,AVAXUSDT,1h,long,major_crypto,core_postfix_explore_20260603,exploration,last_price,taker_market,tight_1p5_3,20.0,1.108366,0.75,2.680325,28,2.476916,not_checked,not_checked,not_checked,stale_validation_overlays,"mark_index_older_than_source,microstructure_older_than_source,reality_pack_older_than_source",not_checked,ok,passed_latest_window_validation,outside_similarity_pool=direct_reward_only,paper_trading_strategy_discovery_core_postfix_explore_20260603_v2.csv,aster_strategy:core_postfix_explore_20260603:core:avaxusdt:long:1h:exploration:last_price:taker_market:tight_1p5_3:s55.0:v500.0:slneg1.5:tp3.0:ta1.5:td0.75:h240:w40:lev20
reject_or_rework,-10.203381,-10.203381,reject_or_rework,promotion_blocked,94,validator_freshness_not_clean:stale_validation_overlays,mark_index_not_checked;microstructure_not_checked;reality_pack_not_checked;exchange_filter_warning;high_leverage_requires_extra_liquidation_review;open_unrealized_pnl_separate_from_realized,rerun_mark_index_microstructure_reality_pack;run_mark_index_replay_filter;run_microstructure_replay_validator;run_queue_reality_pack_validator;rerun_exchangeinfo_enriched_discovery;rank_on_realized_pnl_not_latent,priority_watchlist_exploration|long|last_price|taker_market,family_blocked,0.0,1026,15,7,0.157895,-4.680357,70.080897,0.920078,BNBUSDT,3h,long,major_crypto,aster_v2_postfix_20260603,exploration,last_price,taker_market,tight_1p5_3,20.0,1.167792,0.785714,4.585787,14,2.929501,not_checked,not_checked,not_checked,stale_validation_overlays,"mark_index_older_than_source,microstructure_older_than_source,reality_pack_older_than_source",ws_forward_ready,warning,passed_latest_window_validation,outside_similarity_pool=direct_reward_only,paper_trading_strategy_discovery_aster_v2_postfix_20260603_v2.csv,aster_strategy:aster_v2_postfix_20260603:aster_v2:bnbusdt:long:3h:exploration:last_price:taker_market:tight_1p5_3:s55.0:v500.0:slneg1.5:tp3.0:ta1.5:td0.75:h240:w20:lev20
reject_or_rework,-10.207304,-10.207304,reject_or_rework,promotion_blocked,86,validator_freshness_not_clean:stale_validation_overlays,mark_index_not_checked;microstructure_not_checked;reality_pack_not_checked;exchange_filter_warning;open_unrealized_pnl_separate_from_realized,rerun_mark_index_microstructure_reality_pack;run_mark_index_replay_filter;run_microstructure_replay_validator;run_queue_reality_pack_validator;rerun_exchangeinfo_enriched_discovery;rank_on_realized_pnl_not_latent,priority_watchlist_exploration|long|last_price|taker_market,family_blocked,0.0,1026,15,7,0.157895,-4.680357,70.080897,0.920078,BNBUSDT,15m,long,major_crypto,aster_v2_postfix_20260603,exploration,last_price,taker_market,strict_6_12,10.0,1.654685,0.666667,4.043911,9,6.098912,not_checked,not_checked,not_checked,stale_validation_overlays,"mark_index_older_than_source,microstructure_older_than_source,reality_pack_older_than_source",ws_forward_ready,warning,passed_latest_window_validation,outside_similarity_pool=direct_reward_only,paper_trading_strategy_discovery_aster_v2_postfix_20260603_v2.csv,aster_strategy:aster_v2_postfix_20260603:aster_v2:bnbusdt:long:15m:exploration:last_price:taker_market:strict_6_12:s80.0:v500.0:slneg6.0:tp12.0:ta6.0:td3.0:h600:w10:lev10
reject_or_rework,-10.216579,-10.216579,reject_or_rework,promotion_blocked,68,validator_freshness_not_clean:stale_validation_overlays,mark_index_not_checked;microstructure_not_checked;reality_pack_not_checked,rerun_mark_index_microstructure_reality_pack;run_mark_index_replay_filter;run_microstructure_replay_validator;run_queue_reality_pack_validator,crypto_liquid_momentum|long|last_price|taker_market,family_blocked,0.0,529,16,7,0.0,-8.284963,80.226843,1.0,ORDIUSDT,30m,long,altcoin,core_postfix_explore_20260603,exploration,last_price,taker_market,mid_5_10,5.0,4.398702,0.615385,3.028913,13,9.781006,not_checked,not_checked,not_checked,stale_validation_overlays,"mark_index_older_than_source,microstructure_older_than_source,reality_pack_older_than_source",not_checked,ok,passed_latest_window_validation,outside_similarity_pool=direct_reward_only,paper_trading_strategy_discovery_core_postfix_explore_20260603_v2.csv,aster_strategy:core_postfix_explore_20260603:core:ordiusdt:long:30m:exploration:last_price:taker_market:mid_5_10:s75.0:v10000.0:slneg5.0:tp10.0:ta5.0:td2.5:h600:w10:lev5
reject_or_rework,-10.217113,-10.217113,reject_or_rework,promotion_blocked,68,validator_freshness_not_clean:stale_validation_overlays,mark_index_not_checked;microstructure_not_checked;reality_pack_not_checked,rerun_mark_index_microstructure_reality_pack;run_mark_index_replay_filter;run_microstructure_replay_validator;run_queue_reality_pack_validator,crypto_liquid_momentum|long|last_price|taker_market,family_blocked,0.0,529,16,7,0.0,-8.284963,80.226843,1.0,TIAUSDT,2h,long,altcoin,core_postfix_explore_20260603,exploration,last_price,taker_market,strict_6_12,5.0,4.207061,0.666667,2.931291,15,12.426747,not_checked,not_checked,not_checked,stale_validation_overlays,"mark_index_older_than_source,microstructure_older_than_source,reality_pack_older_than_source",not_checked,ok,passed_latest_window_validation,outside_similarity_pool=direct_reward_only,paper_trading_strategy_discovery_core_postfix_explore_20260603_v2.csv,aster_strategy:core_postfix_explore_20260603:core:tiausdt:long:2h:exploration:last_price:taker_market:strict_6_12:s60.0:v500.0:slneg6.0:tp12.0:ta6.0:td3.0:h600:w10:lev5
reject_or_rework,-10.24817,-10.24817,reject_or_rework,promotion_blocked,76,source_is_progress_snapshot_not_final_csv,mark_index_not_checked;microstructure_not_checked;reality_pack_not_checked;out_of_sample_missing,wait_for_or_use_final_v2_csv;run_mark_index_replay_filter;run_microstructure_replay_validator;run_queue_reality_pack_validator;rerun_discovery_with_train_validation_split,priority_watchlist_exploration|long|last_price|taker_market,family_blocked,0.0,1026,15,7,0.157895,-4.680357,70.080897,0.920078,CLUSDT,15m,long,altcoin,aster_v2_prod,exploration,last_price,,scalp_2p5_5,10.0,1.173535,0.6875,2.320714,16,5.069887,not_checked,not_checked,not_checked,fresh_enough,,ws_forward_watch,ok,,outside_similarity_pool=direct_reward_only,paper_trading_strategy_discovery_aster_v2_prod_progress_v2.csv,aster_strategy:aster_v2_prod:aster_v2:clusdt:long:15m:exploration:last_price:taker_market:scalp_2p5_5:s65.0:v500.0:slneg2.5:tp5.0:ta2.5:td1.25:h360:lev1p0_2p0_3p0_5p0_10p0_20p0
reject_or_rework,-10.261041,-10.261041,reject_or_rework,promotion_blocked,78,validator_freshness_not_clean:stale_validation_overlays,mark_index_not_checked;microstructure_not_checked;reality_pack_not_checked;open_unrealized_pnl_separate_from_realized,rerun_mark_index_microstructure_reality_pack;run_mark_index_replay_filter;run_microstructure_replay_validator;run_queue_reality_pack_validator;rank_on_realized_pnl_not_latent,crypto_liquid_momentum|long|mark_price|bbo_limit,family_blocked,0.0,1739,25,7,0.039103,-9.563436,77.986199,0.968948,BOMEUSDT,2h,long,memecoin,volatile_crypto_postfix_20260603,deep,mark_price,bbo_limit,tight_1p5_3,5.0,2.556551,0.5,1.530268,62,11.189107,not_checked,not_checked,not_checked,stale_validation_overlays,"mark_index_older_than_source,microstructure_older_than_source,reality_pack_older_than_source",not_checked,ok,passed_latest_window_validation,outside_similarity_pool=direct_reward_only,paper_trading_strategy_discovery_volatile_crypto_postfix_20260603_v2.csv,aster_strategy:volatile_crypto_postfix_20260603:core:bomeusdt:long:2h:deep:mark_price:bbo_limit:tight_1p5_3:s55.0:v3000.0:slneg1.5:tp3.0:ta1.5:td0.75:h240:w8:lev5
reject_or_rework,-10.266212,-10.266212,reject_or_rework,promotion_blocked,68,validator_freshness_not_clean:stale_validation_overlays,mark_index_not_checked;microstructure_not_checked;reality_pack_not_checked,rerun_mark_index_microstructure_reality_pack;run_mark_index_replay_filter;run_microstructure_replay_validator;run_queue_reality_pack_validator,crypto_liquid_momentum|long|mark_price|bbo_limit,family_blocked,0.0,1739,25,7,0.039103,-9.563436,77.986199,0.968948,1000SATSUSDT,3h,long,memecoin,volatile_crypto_postfix_20260603,deep,mark_price,bbo_limit,micro_scalp_1_2,10.0,0.914351,0.576923,1.815352,26,3.937576,not_checked,not_checked,not_checked,stale_validation_overlays,"mark_index_older_than_source,microstructure_older_than_source,reality_pack_older_than_source",not_checked,ok,passed_latest_window_validation,outside_similarity_pool=direct_reward_only,paper_trading_strategy_discovery_volatile_crypto_postfix_20260603_v2.csv,aster_strategy:volatile_crypto_postfix_20260603:core:1000satsusdt:long:3h:deep:mark_price:bbo_limit:micro_scalp_1_2:s80.0:v500.0:slneg1.0:tp2.0:ta1.0:td0.5:h180:w8:lev10
reject_or_rework,-10.284175,-10.284175,reject_or_rework,promotion_blocked,76,source_is_progress_snapshot_not_final_csv,mark_index_not_checked;microstructure_not_checked;reality_pack_not_checked;out_of_sample_missing,wait_for_or_use_final_v2_csv;run_mark_index_replay_filter;run_microstructure_replay_validator;run_queue_reality_pack_validator;rerun_discovery_with_train_validation_split,crypto_liquid_momentum|long|mark_price|bbo_limit,family_blocked,0.0,1739,25,7,0.039103,-9.563436,77.986199,0.968948,HUSDT,1h,long,altcoin,queue_reality_validation_20260602,exploration,mark_price,,wide_10_20,3.0,16.453953,0.724138,3.009744,29,27.247066,not_checked,not_checked,not_checked,fresh_enough,,not_checked,ok,,outside_similarity_pool=direct_reward_only,paper_trading_strategy_discovery_queue_reality_validation_20260602_progress_v2.csv,aster_strategy:queue_reality_validation_20260602:core:husdt:long:1h:exploration:mark_price:bbo_limit:wide_10_20:s55.0:v10000.0:slneg10.0:tp20.0:ta10.0:td5.0:h1000:lev1p0_2p0_3p0_5p0_10p0_20p0
reject_or_rework,-10.286162,-10.286162,reject_or_rework,promotion_blocked,78,validator_freshness_not_clean:stale_validation_overlays,mark_index_not_checked;microstructure_not_checked;reality_pack_not_checked;open_unrealized_pnl_separate_from_realized,rerun_mark_index_microstructure_reality_pack;run_mark_index_replay_filter;run_microstructure_replay_validator;run_queue_reality_pack_validator;rank_on_realized_pnl_not_latent,crypto_liquid_momentum|long|last_price|taker_market,family_blocked,0.0,529,16,7,0.0,-8.284963,80.226843,1.0,NEARUSDT,15m,long,altcoin,core_postfix_explore_20260603,exploration,last_price,taker_market,wide_8_16,3.0,6.954064,0.8125,4.646026,16,20.298353,not_checked,not_checked,not_checked,stale_validation_overlays,"mark_index_older_than_source,microstructure_older_than_source,reality_pack_older_than_source",not_checked,ok,passed_latest_window_validation,outside_similarity_pool=direct_reward_only,paper_trading_strategy_discovery_core_postfix_explore_20260603_v2.csv,aster_strategy:core_postfix_explore_20260603:core:nearusdt:long:15m:exploration:last_price:taker_market:wide_8_16:s65.0:v10000.0:slneg8.0:tp16.0:ta8.0:td4.0:h800:w10:lev3
reject_or_rework,-10.331975,-10.331975,reject_or_rework,promotion_blocked,68,validator_freshness_not_clean:stale_validation_overlays,mark_index_not_checked;microstructure_not_checked;reality_pack_not_checked,rerun_mark_index_microstructure_reality_pack;run_mark_index_replay_filter;run_microstructure_replay_validator;run_queue_reality_pack_validator,crypto_liquid_momentum|long|mark_price|bbo_limit,family_blocked,0.0,1739,25,7,0.039103,-9.563436,77.986199,0.968948,1000SATSUSDT,4h,long,memecoin,volatile_crypto_postfix_20260603,deep,mark_price,bbo_limit,micro_scalp_1_2,10.0,1.0472,0.588235,2.485387,17,4.005173,not_checked,not_checked,not_checked,stale_validation_overlays,"mark_index_older_than_source,microstructure_older_than_source,reality_pack_older_than_source",not_checked,ok,passed_latest_window_validation,outside_similarity_pool=direct_reward_only,paper_trading_strategy_discovery_volatile_crypto_postfix_20260603_v2.csv,aster_strategy:volatile_crypto_postfix_20260603:core:1000satsusdt:long:4h:deep:mark_price:bbo_limit:micro_scalp_1_2:s65.0:v3000.0:slneg1.0:tp2.0:ta1.0:td0.5:h180:w20:lev10
reject_or_rework,-10.335504,-10.335504,reject_or_rework,promotion_blocked,86,validator_freshness_not_clean:stale_validation_overlays,mark_index_not_checked;microstructure_not_checked;reality_pack_not_checked;exchange_filter_warning;open_unrealized_pnl_separate_from_realized,rerun_mark_index_microstructure_reality_pack;run_mark_index_replay_filter;run_microstructure_replay_validator;run_queue_reality_pack_validator;rerun_exchangeinfo_enriched_discovery;rank_on_realized_pnl_not_latent,priority_watchlist_exploration|long|last_price|taker_market,family_blocked,0.0,1026,15,7,0.157895,-4.680357,70.080897,0.920078,BNBUSDT,2h,long,major_crypto,aster_v2_postfix_20260603,exploration,last_price,taker_market,balanced_4_8,10.0,1.032707,0.777778,2.720797,9,5.541349,not_checked,not_checked,not_checked,stale_validation_overlays,"mark_index_older_than_source,microstructure_older_than_source,reality_pack_older_than_source",ws_forward_ready,warning,passed_latest_window_validation,outside_similarity_pool=direct_reward_only,paper_trading_strategy_discovery_aster_v2_postfix_20260603_v2.csv,aster_strategy:aster_v2_postfix_20260603:aster_v2:bnbusdt:long:2h:exploration:last_price:taker_market:balanced_4_8:s65.0:v500.0:slneg4.0:tp8.0:ta4.0:td2.0:h600:w10:lev10
reject_or_rework,-10.337264,-10.337264,reject_or_rework,review_required,58,,mark_index_not_checked;microstructure_not_checked;reality_pack_not_checked;out_of_sample_missing,run_mark_index_replay_filter;run_microstructure_replay_validator;run_queue_reality_pack_validator;rerun_discovery_with_train_validation_split,crypto_liquid_momentum|long|mark_price|bbo_limit,family_blocked,0.0,1739,25,7,0.039103,-9.563436,77.986199,0.968948,SEIUSDT,2h,long,altcoin,core_prod_mark_bbo,deep,mark_price,,runner_5_15,5.0,2.825021,0.625,3.123887,8,9.872661,not_checked,not_checked,not_checked,fresh_enough,,not_checked,ok,,outside_similarity_pool=direct_reward_only,paper_trading_strategy_discovery_core_prod_mark_bbo_v2.csv,aster_strategy:core_prod_mark_bbo:core:seiusdt:long:2h:deep:mark_price:bbo_limit:runner_5_15:s55.0:v3000.0:slneg5.0:tp15.0:ta7.5:td3.0:h900:lev1p0_2p0_3p0_5p0_10p0_20p0
reject_or_rework,-10.351499,-10.351499,reject_or_rework,promotion_blocked,68,validator_freshness_not_clean:stale_validation_overlays,mark_index_not_checked;microstructure_not_checked;reality_pack_not_checked,rerun_mark_index_microstructure_reality_pack;run_mark_index_replay_filter;run_microstructure_replay_validator;run_queue_reality_pack_validator,equity_synth_slow_confirmation|long|mark_price|bbo_limit,family_blocked,0.0,985,11,7,0.0,-10.291324,81.669036,1.0,MSTRUSDT,1h,long,equity_synthetic,equities_postfix_explore_20260603,exploration,mark_price,bbo_limit,balanced_4_8,5.0,2.299492,0.65,1.956854,20,9.195119,not_checked,not_checked,not_checked,stale_validation_overlays,"mark_index_older_than_source,microstructure_older_than_source,reality_pack_older_than_source",not_checked,ok,passed_latest_window_validation,outside_similarity_pool=direct_reward_only,paper_trading_strategy_discovery_equities_postfix_explore_20260603_v2.csv,aster_strategy:equities_postfix_explore_20260603:equities:mstrusdt:long:1h:exploration:mark_price:bbo_limit:balanced_4_8:s75.0:v3000.0:slneg4.0:tp8.0:ta4.0:td2.0:h600:w10:lev5
reject_or_rework,-10.362245,-10.362245,reject_or_rework,review_required,66,,mark_index_not_checked;microstructure_not_checked;reality_pack_not_checked;out_of_sample_missing;exchange_filter_warning,run_mark_index_replay_filter;run_microstructure_replay_validator;run_queue_reality_pack_validator;rerun_discovery_with_train_validation_split;rerun_exchangeinfo_enriched_discovery,crypto_liquid_momentum|long|mark_price|bbo_limit,family_blocked,0.0,1739,25,7,0.039103,-9.563436,77.986199,0.968948,GUAUSDT,15m,long,altcoin,queue_reality_validation_20260602,exploration,mark_price,,wide_8_16,3.0,19.368282,0.714286,2.695029,56,27.48979,not_checked,not_checked,not_checked,fresh_enough,,not_checked,warning,,outside_similarity_pool=direct_reward_only,paper_trading_strategy_discovery_queue_reality_validation_20260602_v2.csv,aster_strategy:queue_reality_validation_20260602:core:guausdt:long:15m:exploration:mark_price:bbo_limit:wide_8_16:s65.0:v500.0:slneg8.0:tp16.0:ta8.0:td4.0:h800:lev1p0_2p0_3p0_5p0_10p0_20p0
reject_or_rework,-10.364293,-10.364293,reject_or_rework,promotion_blocked,78,validator_freshness_not_clean:stale_validation_overlays,mark_index_not_checked;microstructure_not_checked;reality_pack_not_checked;open_unrealized_pnl_separate_from_realized,rerun_mark_index_microstructure_reality_pack;run_mark_index_replay_filter;run_microstructure_replay_validator;run_queue_reality_pack_validator;rank_on_realized_pnl_not_latent,crypto_liquid_momentum|long|last_price|taker_market,family_blocked,0.0,529,16,7,0.0,-8.284963,80.226843,1.0,NEARUSDT,2h,long,altcoin,core_postfix_explore_20260603,exploration,last_price,taker_market,mid_5_10,5.0,5.115211,0.681818,3.405491,22,9.92386,not_checked,not_checked,not_checked,stale_validation_overlays,"mark_index_older_than_source,microstructure_older_than_source,reality_pack_older_than_source",not_checked,ok,passed_latest_window_validation,outside_similarity_pool=direct_reward_only,paper_trading_strategy_discovery_core_postfix_explore_20260603_v2.csv,aster_strategy:core_postfix_explore_20260603:core:nearusdt:long:2h:exploration:last_price:taker_market:mid_5_10:s55.0:v25000.0:slneg5.0:tp10.0:ta5.0:td2.5:h600:w10:lev5
reject_or_rework,-10.365673,-10.365673,reject_or_rework,review_required,58,,mark_index_not_checked;microstructure_not_checked;reality_pack_not_checked;out_of_sample_missing,run_mark_index_replay_filter;run_microstructure_replay_validator;run_queue_reality_pack_validator;rerun_discovery_with_train_validation_split,crypto_liquid_momentum|long|mark_price|bbo_limit,family_blocked,0.0,1739,25,7,0.039103,-9.563436,77.986199,0.968948,WLDUSDT,4h,long,altcoin,core_prod_mark_bbo,deep,mark_price,,mid_5_10,5.0,4.481239,0.555556,2.326507,18,14.080205,not_checked,not_checked,not_checked,fresh_enough,,not_checked,ok,,outside_similarity_pool=direct_reward_only,paper_trading_strategy_discovery_core_prod_mark_bbo_v2.csv,aster_strategy:core_prod_mark_bbo:core:wldusdt:long:4h:deep:mark_price:bbo_limit:mid_5_10:s55.0:v25000.0:slneg5.0:tp10.0:ta5.0:td2.5:h600:lev1p0_2p0_3p0_5p0_10p0_20p0
reject_or_rework,-10.371293,-10.371293,reject_or_rework,promotion_blocked,68,validator_freshness_not_clean:stale_validation_overlays,mark_index_not_checked;microstructure_not_checked;reality_pack_not_checked,rerun_mark_index_microstructure_reality_pack;run_mark_index_replay_filter;run_microstructure_replay_validator;run_queue_reality_pack_validator,crypto_liquid_momentum|long|mark_price|bbo_limit,family_blocked,0.0,1739,25,7,0.039103,-9.563436,77.986199,0.968948,OPUSDT,2h,long,altcoin,core_postfix_mark_bbo_20260603,deep,mark_price,bbo_limit,tight_1p5_3,10.0,1.488086,0.588235,2.356773,17,5.401356,not_checked,not_checked,not_checked,stale_validation_overlays,"mark_index_older_than_source,microstructure_older_than_source,reality_pack_older_than_source",not_checked,ok,passed_latest_window_validation,outside_similarity_pool=direct_reward_only,paper_trading_strategy_discovery_core_postfix_mark_bbo_20260603_v2.csv,aster_strategy:core_postfix_mark_bbo_20260603:core:opusdt:long:2h:deep:mark_price:bbo_limit:tight_1p5_3:s80.0:v1000.0:slneg1.5:tp3.0:ta1.5:td0.75:h240:w8:lev10
reject_or_rework,-10.372906,-10.372906,reject_or_rework,review_required,58,,mark_index_not_checked;microstructure_not_checked;reality_pack_not_checked;out_of_sample_missing,run_mark_index_replay_filter;run_microstructure_replay_validator;run_queue_reality_pack_validator;rerun_discovery_with_train_validation_split,priority_watchlist_exploration|long|last_price|taker_market,family_blocked,0.0,1026,15,7,0.157895,-4.680357,70.080897,0.920078,PLAYUSDT,1h,long,altcoin,priority_watchlist_prod,exploration,last_price,,wide_10_20,3.0,9.883113,0.615385,2.66941,13,27.586121,not_checked,not_checked,not_checked,fresh_enough,,not_checked,ok,,outside_similarity_pool=direct_reward_only,paper_trading_strategy_discovery_priority_watchlist_prod_v2.csv,aster_strategy:priority_watchlist_prod:priority_watchlist:playusdt:long:1h:exploration:last_price:taker_market:wide_10_20:s80.0:v500.0:slneg10.0:tp20.0:ta10.0:td5.0:h1000:lev1p0_2p0_3p0_5p0_10p0_20p0
reject_or_rework,-10.385767,-10.385767,reject_or_rework,promotion_blocked,68,validator_freshness_not_clean:stale_validation_overlays,mark_index_not_checked;microstructure_not_checked;reality_pack_not_checked,rerun_mark_index_microstructure_reality_pack;run_mark_index_replay_filter;run_microstructure_replay_validator;run_queue_reality_pack_validator,crypto_liquid_momentum|long|last_price|taker_market,family_blocked,0.0,529,16,7,0.0,-8.284963,80.226843,1.0,SEIUSDT,5h,long,altcoin,core_postfix_explore_20260603,exploration,last_price,taker_market,micro_scalp_1_2,10.0,1.13522,0.571429,2.801485,14,4.686418,not_checked,not_checked,not_checked,stale_validation_overlays,"mark_index_older_than_source,microstructure_older_than_source,reality_pack_older_than_source",not_checked,ok,passed_latest_window_validation,outside_similarity_pool=direct_reward_only,paper_trading_strategy_discovery_core_postfix_explore_20260603_v2.csv,aster_strategy:core_postfix_explore_20260603:core:seiusdt:long:5h:exploration:last_price:taker_market:micro_scalp_1_2:s55.0:v500.0:slneg1.0:tp2.0:ta1.0:td0.5:h180:w10:lev10
reject_or_rework,-10.390137,-10.390137,reject_or_rework,promotion_blocked,68,validator_freshness_not_clean:stale_validation_overlays,mark_index_not_checked;microstructure_not_checked;reality_pack_not_checked,rerun_mark_index_microstructure_reality_pack;run_mark_index_replay_filter;run_microstructure_replay_validator;run_queue_reality_pack_validator,crypto_liquid_momentum|long|last_price|taker_market,family_blocked,0.0,529,16,7,0.0,-8.284963,80.226843,1.0,AVAXUSDT,30m,long,major_crypto,core_postfix_explore_20260603,exploration,last_price,taker_market,tight_1p5_3,10.0,0.226184,0.652174,1.343931,23,4.293672,not_checked,not_checked,not_checked,stale_validation_overlays,"mark_index_older_than_source,microstructure_older_than_source,reality_pack_older_than_source",not_checked,ok,passed_latest_window_validation,outside_similarity_pool=direct_reward_only,paper_trading_strategy_discovery_core_postfix_explore_20260603_v2.csv,aster_strategy:core_postfix_explore_20260603:core:avaxusdt:long:30m:exploration:last_price:taker_market:tight_1p5_3:s75.0:v25000.0:slneg1.5:tp3.0:ta1.5:td0.75:h240:w20:lev10
reject_or_rework,-10.399155,-10.399155,reject_or_rework,review_required,58,,mark_index_not_checked;microstructure_not_checked;reality_pack_not_checked;out_of_sample_missing,run_mark_index_replay_filter;run_microstructure_replay_validator;run_queue_reality_pack_validator;rerun_discovery_with_train_validation_split,crypto_liquid_momentum|long|mark_price|bbo_limit,family_blocked,0.0,1739,25,7,0.039103,-9.563436,77.986199,0.968948,PIEVERSEUSDT,15m,long,altcoin,memecoin_volatile_strategy_search,deep,mark_price,,wide_10_20,2.0,9.303427,0.589744,1.790131,39,39.459176,not_checked,not_checked,not_checked,fresh_enough,,not_checked,ok,,outside_similarity_pool=direct_reward_only,paper_trading_strategy_discovery_memecoin_volatile_strategy_search_v2.csv,aster_strategy:memecoin_volatile_strategy_search:core:pieverseusdt:long:15m:deep:mark_price:bbo_limit:wide_10_20:s55.0:v3000.0:slneg10.0:tp20.0:ta10.0:td5.0:h1000:lev1p0_2p0_3p0_5p0_10p0_20p0
reject_or_rework,-10.40202,-10.40202,reject_or_rework,review_required,66,,mark_index_not_checked;microstructure_not_checked;reality_pack_not_checked;out_of_sample_missing;exchange_filter_warning,run_mark_index_replay_filter;run_microstructure_replay_validator;run_queue_reality_pack_validator;rerun_discovery_with_train_validation_split;rerun_exchangeinfo_enriched_discovery,crypto_liquid_momentum|long|mark_price|bbo_limit,family_blocked,0.0,1739,25,7,0.039103,-9.563436,77.986199,0.968948,GUAUSDT,30m,long,altcoin,queue_reality_validation_20260602,exploration,mark_price,,runner_5_15,3.0,17.642359,0.566265,1.967509,83,31.323073,not_checked,not_checked,not_checked,fresh_enough,,not_checked,warning,,outside_similarity_pool=direct_reward_only,paper_trading_strategy_discovery_queue_reality_validation_20260602_v2.csv,aster_strategy:queue_reality_validation_20260602:core:guausdt:long:30m:exploration:mark_price:bbo_limit:runner_5_15:s55.0:v3000.0:slneg5.0:tp15.0:ta7.5:td3.0:h900:lev1p0_2p0_3p0_5p0_10p0_20p0
reject_or_rework,-10.422714,-10.422714,reject_or_rework,promotion_blocked,68,validator_freshness_not_clean:stale_validation_overlays,mark_index_not_checked;microstructure_not_checked;reality_pack_not_checked,rerun_mark_index_microstructure_reality_pack;run_mark_index_replay_filter;run_microstructure_replay_validator;run_queue_reality_pack_validator,equity_synth_slow_confirmation|long|mark_price|bbo_limit,family_blocked,0.0,985,11,7,0.0,-10.291324,81.669036,1.0,MSTRUSDT,4h,long,equity_synthetic,equities_postfix_explore_20260603,exploration,mark_price,bbo_limit,tight_1p5_3,10.0,1.13508,0.5625,2.422928,16,4.624449,not_checked,not_checked,not_checked,stale_validation_overlays,"mark_index_older_than_source,microstructure_older_than_source,reality_pack_older_than_source",not_checked,ok,passed_latest_window_validation,outside_similarity_pool=direct_reward_only,paper_trading_strategy_discovery_equities_postfix_explore_20260603_v2.csv,aster_strategy:equities_postfix_explore_20260603:equities:mstrusdt:long:4h:exploration:mark_price:bbo_limit:tight_1p5_3:s55.0:v25000.0:slneg1.5:tp3.0:ta1.5:td0.75:h240:w40:lev10
reject_or_rework,-10.429227,-10.429227,reject_or_rework,promotion_blocked,68,validator_freshness_not_clean:stale_validation_overlays,mark_index_not_checked;microstructure_not_checked;reality_pack_not_checked,rerun_mark_index_microstructure_reality_pack;run_mark_index_replay_filter;run_microstructure_replay_validator;run_queue_reality_pack_validator,crypto_liquid_momentum|long|last_price|taker_market,family_blocked,0.0,529,16,7,0.0,-8.284963,80.226843,1.0,SUIUSDT,4h,long,altcoin,core_postfix_explore_20260603,exploration,last_price,taker_market,tight_1p5_3,10.0,1.803512,0.5,3.076519,12,4.537485,not_checked,not_checked,not_checked,stale_validation_overlays,"mark_index_older_than_source,microstructure_older_than_source,reality_pack_older_than_source",not_checked,ok,passed_latest_window_validation,outside_similarity_pool=direct_reward_only,paper_trading_strategy_discovery_core_postfix_explore_20260603_v2.csv,aster_strategy:core_postfix_explore_20260603:core:suiusdt:long:4h:exploration:last_price:taker_market:tight_1p5_3:s65.0:v500.0:slneg1.5:tp3.0:ta1.5:td0.75:h240:w10:lev10
reject_or_rework,-10.432231,-10.432231,reject_or_rework,promotion_blocked,96,identity_incomplete:strategy_profile,mark_index_not_checked;microstructure_not_checked;reality_pack_not_checked;out_of_sample_missing;exchange_filter_warning,rebuild_csv_with_complete_strategy_identity;run_mark_index_replay_filter;run_microstructure_replay_validator;run_queue_reality_pack_validator;rerun_discovery_with_train_validation_split;rerun_exchangeinfo_enriched_discovery,core_exchangeinfo|standard|strict_6_12|long|last_price|taker_market,family_blocked,0.0,56,9,7,0.0,-12.620674,94.357143,1.0,LABUSDT,4h,long,altcoin,core_exchangeinfo,standard,last_price,,strict_6_12,10.0,6.895947,0.777778,5.747463,9,7.573328,not_checked,not_checked,not_checked,fresh_enough,,ws_forward_ready,warning,,outside_similarity_pool=direct_reward_only,paper_trading_strategy_discovery_core_exchangeinfo_v2.csv,core_exchangeinfo|LABUSDT|4h|long|standard|last_price|taker_market|strict_6_12|10.0|20|70.0|3000.0|-6.0|12.0|600
reject_or_rework,-10.443533,-10.443533,reject_or_rework,promotion_blocked,71,validator_freshness_not_clean:stale_validation_overlays,mark_index_watch;microstructure_not_checked;reality_pack_not_checked;open_unrealized_pnl_separate_from_realized,rerun_mark_index_microstructure_reality_pack;run_microstructure_replay_validator;run_queue_reality_pack_validator;rank_on_realized_pnl_not_latent,crypto_liquid_momentum|long|mark_price|bbo_limit,family_blocked,0.0,1739,25,7,0.039103,-9.563436,77.986199,0.968948,INJUSDT,3h,long,altcoin,core_postfix_mark_bbo_20260603,deep,mark_price,bbo_limit,strict_6_12,5.0,5.927331,0.8,5.590117,15,10.021224,mark_index_watch,not_checked,not_checked,stale_validation_overlays,"mark_index_older_than_source,microstructure_older_than_source,reality_pack_older_than_source",ws_forward_risky,ok,passed_latest_window_validation,outside_similarity_pool=direct_reward_only,paper_trading_strategy_discovery_core_postfix_mark_bbo_20260603_v2.csv,aster_strategy:core_postfix_mark_bbo_20260603:core:injusdt:long:3h:deep:mark_price:bbo_limit:strict_6_12:s55.0:v500.0:slneg6.0:tp12.0:ta6.0:td3.0:h600:w8:lev5
reject_or_rework,-10.445919,-10.445919,reject_or_rework,promotion_blocked,68,validator_freshness_not_clean:stale_validation_overlays,mark_index_not_checked;microstructure_not_checked;reality_pack_not_checked,rerun_mark_index_microstructure_reality_pack;run_mark_index_replay_filter;run_microstructure_replay_validator;run_queue_reality_pack_validator,crypto_liquid_momentum|long|last_price|taker_market,family_blocked,0.0,529,16,7,0.0,-8.284963,80.226843,1.0,LINKUSDT,3h,long,major_crypto,core_postfix_explore_20260603,exploration,last_price,taker_market,micro_scalp_1_2,10.0,0.688054,0.5625,2.248309,16,3.267866,not_checked,not_checked,not_checked,stale_validation_overlays,"mark_index_older_than_source,microstructure_older_than_source,reality_pack_older_than_source",not_checked,ok,passed_latest_window_validation,outside_similarity_pool=direct_reward_only,paper_trading_strategy_discovery_core_postfix_explore_20260603_v2.csv,aster_strategy:core_postfix_explore_20260603:core:linkusdt:long:3h:exploration:last_price:taker_market:micro_scalp_1_2:s55.0:v500.0:slneg1.0:tp2.0:ta1.0:td0.5:h180:w40:lev10
reject_or_rework,-10.448583,-10.448583,reject_or_rework,promotion_blocked,68,validator_freshness_not_clean:stale_validation_overlays,mark_index_not_checked;microstructure_not_checked;reality_pack_not_checked,rerun_mark_index_microstructure_reality_pack;run_mark_index_replay_filter;run_microstructure_replay_validator;run_queue_reality_pack_validator,equity_synth_slow_confirmation|long|mark_price|bbo_limit,family_blocked,0.0,985,11,7,0.0,-10.291324,81.669036,1.0,MSTRUSDT,30m,long,equity_synthetic,equities_postfix_explore_20260603,exploration,mark_price,bbo_limit,balanced_4_8,5.0,1.892043,0.619048,1.722926,21,9.088669,not_checked,not_checked,not_checked,stale_validation_overlays,"mark_index_older_than_source,microstructure_older_than_source,reality_pack_older_than_source",not_checked,ok,passed_latest_window_validation,outside_similarity_pool=direct_reward_only,paper_trading_strategy_discovery_equities_postfix_explore_20260603_v2.csv,aster_strategy:equities_postfix_explore_20260603:equities:mstrusdt:long:30m:exploration:mark_price:bbo_limit:balanced_4_8:s80.0:v10000.0:slneg4.0:tp8.0:ta4.0:td2.0:h600:w10:lev5
reject_or_rework,-10.463436,-10.463436,reject_or_rework,promotion_blocked,71,validator_freshness_not_clean:stale_validation_overlays,mark_index_watch;microstructure_not_checked;reality_pack_not_checked;open_unrealized_pnl_separate_from_realized,rerun_mark_index_microstructure_reality_pack;run_microstructure_replay_validator;run_queue_reality_pack_validator;rank_on_realized_pnl_not_latent,crypto_liquid_momentum|long|mark_price|bbo_limit,family_blocked,0.0,1739,25,7,0.039103,-9.563436,77.986199,0.968948,INJUSDT,30m,long,altcoin,core_postfix_mark_bbo_20260603,deep,mark_price,bbo_limit,wide_8_16,3.0,8.255032,0.8,5.583098,15,15.870243,mark_index_watch,not_checked,not_checked,stale_validation_overlays,"mark_index_older_than_source,microstructure_older_than_source,reality_pack_older_than_source",ws_forward_risky,ok,passed_latest_window_validation,outside_similarity_pool=direct_reward_only,paper_trading_strategy_discovery_core_postfix_mark_bbo_20260603_v2.csv,aster_strategy:core_postfix_mark_bbo_20260603:core:injusdt:long:30m:deep:mark_price:bbo_limit:wide_8_16:s65.0:v500.0:slneg8.0:tp16.0:ta8.0:td4.0:h800:w8:lev3
reject_or_rework,-10.477629,-10.477629,reject_or_rework,promotion_blocked,68,validator_freshness_not_clean:stale_validation_overlays,mark_index_not_checked;microstructure_not_checked;reality_pack_not_checked,rerun_mark_index_microstructure_reality_pack;run_mark_index_replay_filter;run_microstructure_replay_validator;run_queue_reality_pack_validator,crypto_liquid_momentum|long|last_price|taker_market,family_blocked,0.0,529,16,7,0.0,-8.284963,80.226843,1.0,1000SATSUSDT,2h,long,memecoin,core_postfix_explore_20260603,exploration,last_price,taker_market,micro_scalp_1_2,10.0,1.371112,0.578947,1.825533,19,6.167009,not_checked,not_checked,not_checked,stale_validation_overlays,"mark_index_older_than_source,microstructure_older_than_source,reality_pack_older_than_source",not_checked,ok,passed_latest_window_validation,outside_similarity_pool=direct_reward_only,paper_trading_strategy_discovery_core_postfix_explore_20260603_v2.csv,aster_strategy:core_postfix_explore_20260603:core:1000satsusdt:long:2h:exploration:last_price:taker_market:micro_scalp_1_2:s80.0:v1000.0:slneg1.0:tp2.0:ta1.0:td0.5:h180:w10:lev10
reject_or_rework,-10.484778,-10.484778,reject_or_rework,review_required,66,,mark_index_not_checked;microstructure_not_checked;reality_pack_not_checked;out_of_sample_missing;exchange_filter_warning,run_mark_index_replay_filter;run_microstructure_replay_validator;run_queue_reality_pack_validator;rerun_discovery_with_train_validation_split;rerun_exchangeinfo_enriched_discovery,crypto_liquid_momentum|long|mark_price|bbo_limit,family_blocked,0.0,1739,25,7,0.039103,-9.563436,77.986199,0.968948,1000WOJAKUSDT,30m,long,memecoin,queue_reality_validation_20260602,exploration,mark_price,,strict_6_12,3.0,17.508424,0.561798,1.877665,89,32.676633,not_checked,not_checked,not_checked,fresh_enough,,not_checked,warning,,outside_similarity_pool=direct_reward_only,paper_trading_strategy_discovery_queue_reality_validation_20260602_v2.csv,aster_strategy:queue_reality_validation_20260602:core:1000wojakusdt:long:30m:exploration:mark_price:bbo_limit:strict_6_12:s55.0:v500.0:slneg6.0:tp12.0:ta6.0:td3.0:h600:lev1p0_2p0_3p0_5p0_10p0_20p0
reject_or_rework,-10.494048,-10.494048,reject_or_rework,promotion_blocked,78,validator_freshness_not_clean:stale_validation_overlays,mark_index_not_checked;microstructure_not_checked;reality_pack_not_checked;open_unrealized_pnl_separate_from_realized,rerun_mark_index_microstructure_reality_pack;run_mark_index_replay_filter;run_microstructure_replay_validator;run_queue_reality_pack_validator;rank_on_realized_pnl_not_latent,crypto_liquid_momentum|long|mark_price|bbo_limit,family_blocked,0.0,1739,25,7,0.039103,-9.563436,77.986199,0.968948,ARBUSDT,1h,long,altcoin,core_postfix_mark_bbo_20260603,deep,mark_price,bbo_limit,tight_1p5_3,10.0,1.689523,0.65625,2.079203,32,4.269303,not_checked,not_checked,not_checked,stale_validation_overlays,"mark_index_older_than_source,microstructure_older_than_source,reality_pack_older_than_source",not_checked,ok,passed_latest_window_validation,outside_similarity_pool=direct_reward_only,paper_trading_strategy_discovery_core_postfix_mark_bbo_20260603_v2.csv,aster_strategy:core_postfix_mark_bbo_20260603:core:arbusdt:long:1h:deep:mark_price:bbo_limit:tight_1p5_3:s65.0:v10000.0:slneg1.5:tp3.0:ta1.5:td0.75:h240:w10:lev10
reject_or_rework,-10.534422,-10.534422,reject_or_rework,review_required,66,,mark_index_not_checked;microstructure_not_checked;reality_pack_not_checked;out_of_sample_missing;exchange_filter_warning,run_mark_index_replay_filter;run_microstructure_replay_validator;run_queue_reality_pack_validator;rerun_discovery_with_train_validation_split;rerun_exchangeinfo_enriched_discovery,equity_synth_slow_confirmation|long|mark_price|bbo_limit,family_blocked,0.0,985,11,7,0.0,-10.291324,81.669036,1.0,NVDAUSDT,30m,long,equity_synthetic,macro_equity_prod_mark_bbo,exploration,mark_price,,balanced_4_8,10.0,3.113782,0.777778,5.271885,9,7.701962,not_checked,not_checked,not_checked,fresh_enough,,ws_forward_watch,warning,,outside_similarity_pool=direct_reward_only,paper_trading_strategy_discovery_macro_equity_prod_mark_bbo_v2.csv,aster_strategy:macro_equity_prod_mark_bbo:macro_equity:nvdausdt:long:30m:exploration:mark_price:bbo_limit:balanced_4_8:s80.0:v500.0:slneg4.0:tp8.0:ta4.0:td2.0:h600:lev1p0_2p0_3p0_5p0_10p0_20p0
reject_or_rework,-10.561252,-10.561252,reject_or_rework,review_required,58,,mark_index_not_checked;microstructure_not_checked;reality_pack_not_checked;out_of_sample_missing,run_mark_index_replay_filter;run_microstructure_replay_validator;run_queue_reality_pack_validator;rerun_discovery_with_train_validation_split,priority_watchlist_exploration|long|last_price|taker_market,family_blocked,0.0,1026,15,7,0.157895,-4.680357,70.080897,0.920078,PLAYUSDT,15m,long,altcoin,priority_watchlist_prod,exploration,last_price,,wide_10_20,3.0,9.96519,0.5625,2.41232,16,31.562329,not_checked,not_checked,not_checked,fresh_enough,,not_checked,ok,,outside_similarity_pool=direct_reward_only,paper_trading_strategy_discovery_priority_watchlist_prod_v2.csv,aster_strategy:priority_watchlist_prod:priority_watchlist:playusdt:long:15m:exploration:last_price:taker_market:wide_10_20:s80.0:v10000.0:slneg10.0:tp20.0:ta10.0:td5.0:h1000:lev1p0_2p0_3p0_5p0_10p0_20p0
reject_or_rework,-10.568891,-10.568891,reject_or_rework,promotion_blocked,86,validator_freshness_not_clean:stale_validation_overlays,mark_index_not_checked;microstructure_not_checked;reality_pack_not_checked;high_leverage_requires_extra_liquidation_review;open_unrealized_pnl_separate_from_realized,rerun_mark_index_microstructure_reality_pack;run_mark_index_replay_filter;run_microstructure_replay_validator;run_queue_reality_pack_validator;rank_on_realized_pnl_not_latent,priority_watchlist_exploration|long|last_price|taker_market,family_blocked,0.0,1026,15,7,0.157895,-4.680357,70.080897,0.920078,CLUSDT,4h,long,altcoin,aster_v2_postfix_20260603,exploration,last_price,taker_market,micro_scalp_1_2,20.0,0.655804,0.636364,2.111091,11,3.231978,not_checked,not_checked,not_checked,stale_validation_overlays,"mark_index_older_than_source,microstructure_older_than_source,reality_pack_older_than_source",ws_forward_watch,ok,passed_latest_window_validation,outside_similarity_pool=direct_reward_only,paper_trading_strategy_discovery_aster_v2_postfix_20260603_v2.csv,aster_strategy:aster_v2_postfix_20260603:aster_v2:clusdt:long:4h:exploration:last_price:taker_market:micro_scalp_1_2:s85.0:v500.0:slneg1.0:tp2.0:ta1.0:td0.5:h180:w10:lev20
reject_or_rework,-10.591318,-10.591318,reject_or_rework,promotion_blocked,78,validator_freshness_not_clean:stale_validation_overlays,mark_index_not_checked;microstructure_not_checked;reality_pack_not_checked;open_unrealized_pnl_separate_from_realized,rerun_mark_index_microstructure_reality_pack;run_mark_index_replay_filter;run_microstructure_replay_validator;run_queue_reality_pack_validator;rank_on_realized_pnl_not_latent,crypto_liquid_momentum|long|mark_price|bbo_limit,family_blocked,0.0,1739,25,7,0.039103,-9.563436,77.986199,0.968948,WLDUSDT,30m,long,altcoin,volatile_crypto_postfix_20260603,deep,mark_price,bbo_limit,wide_10_20,3.0,5.391361,0.785714,3.243705,14,14.855389,not_checked,not_checked,not_checked,stale_validation_overlays,"mark_index_older_than_source,microstructure_older_than_source,reality_pack_older_than_source",not_checked,ok,passed_latest_window_validation,outside_similarity_pool=direct_reward_only,paper_trading_strategy_discovery_volatile_crypto_postfix_20260603_v2.csv,aster_strategy:volatile_crypto_postfix_20260603:core:wldusdt:long:30m:deep:mark_price:bbo_limit:wide_10_20:s65.0:v25000.0:slneg10.0:tp20.0:ta10.0:td5.0:h1000:w8:lev3
reject_or_rework,-10.595307,-10.595307,reject_or_rework,promotion_blocked,76,validator_freshness_not_clean:stale_validation_overlays,mark_index_not_checked;microstructure_not_checked;reality_pack_not_checked;high_leverage_requires_extra_liquidation_review,rerun_mark_index_microstructure_reality_pack;run_mark_index_replay_filter;run_microstructure_replay_validator;run_queue_reality_pack_validator,crypto_liquid_momentum|long|mark_price|bbo_limit,family_blocked,0.0,1739,25,7,0.039103,-9.563436,77.986199,0.968948,ADAUSDT,30m,long,major_crypto,core_postfix_mark_bbo_20260603,deep,mark_price,bbo_limit,micro_scalp_1_2,20.0,0.603825,0.666667,2.7632,18,2.464391,not_checked,not_checked,not_checked,stale_validation_overlays,"mark_index_older_than_source,microstructure_older_than_source,reality_pack_older_than_source",not_checked,ok,passed_latest_window_validation,outside_similarity_pool=direct_reward_only,paper_trading_strategy_discovery_core_postfix_mark_bbo_20260603_v2.csv,aster_strategy:core_postfix_mark_bbo_20260603:core:adausdt:long:30m:deep:mark_price:bbo_limit:micro_scalp_1_2:s55.0:v5000.0:slneg1.0:tp2.0:ta1.0:td0.5:h180:w40:lev20
reject_or_rework,-10.602386,-10.602386,reject_or_rework,promotion_blocked,78,validator_freshness_not_clean:stale_validation_overlays,mark_index_not_checked;microstructure_not_checked;reality_pack_not_checked;open_unrealized_pnl_separate_from_realized,rerun_mark_index_microstructure_reality_pack;run_mark_index_replay_filter;run_microstructure_replay_validator;run_queue_reality_pack_validator;rank_on_realized_pnl_not_latent,crypto_liquid_momentum|long|mark_price|bbo_limit,family_blocked,0.0,1739,25,7,0.039103,-9.563436,77.986199,0.968948,DOGEUSDT,15m,long,memecoin,core_postfix_mark_bbo_20260603,deep,mark_price,bbo_limit,scalp_2p5_5,10.0,0.857809,0.777778,3.784699,9,3.989073,not_checked,not_checked,not_checked,stale_validation_overlays,"mark_index_older_than_source,microstructure_older_than_source,reality_pack_older_than_source",not_checked,ok,passed_latest_window_validation,outside_similarity_pool=direct_reward_only,paper_trading_strategy_discovery_core_postfix_mark_bbo_20260603_v2.csv,aster_strategy:core_postfix_mark_bbo_20260603:core:dogeusdt:long:15m:deep:mark_price:bbo_limit:scalp_2p5_5:s55.0:v500.0:slneg2.5:tp5.0:ta2.5:td1.25:h360:w60:lev10
reject_or_rework,-10.605999,-10.605999,reject_or_rework,promotion_blocked,76,validator_freshness_not_clean:stale_validation_overlays,mark_index_not_checked;microstructure_not_checked;reality_pack_not_checked;high_leverage_requires_extra_liquidation_review,rerun_mark_index_microstructure_reality_pack;run_mark_index_replay_filter;run_microstructure_replay_validator;run_queue_reality_pack_validator,crypto_liquid_momentum|long|last_price|taker_market,family_blocked,0.0,529,16,7,0.0,-8.284963,80.226843,1.0,DOGEUSDT,3h,long,memecoin,core_postfix_explore_20260603,exploration,last_price,taker_market,micro_scalp_1_2,20.0,0.63096,0.666667,3.627992,9,1.345003,not_checked,not_checked,not_checked,stale_validation_overlays,"mark_index_older_than_source,microstructure_older_than_source,reality_pack_older_than_source",not_checked,ok,passed_latest_window_validation,outside_similarity_pool=direct_reward_only,paper_trading_strategy_discovery_core_postfix_explore_20260603_v2.csv,aster_strategy:core_postfix_explore_20260603:core:dogeusdt:long:3h:exploration:last_price:taker_market:micro_scalp_1_2:s55.0:v500.0:slneg1.0:tp2.0:ta1.0:td0.5:h180:w40:lev20
reject_or_rework,-10.625663,-10.625663,reject_or_rework,promotion_blocked,89,"identity_incomplete:strategy_profile,trigger_reference,execution_model",mark_index_watch;microstructure_not_checked;reality_pack_not_checked;out_of_sample_missing;exchange_filter_not_checked,rebuild_csv_with_complete_strategy_identity;run_microstructure_replay_validator;run_queue_reality_pack_validator;rerun_discovery_with_train_validation_split;rerun_exchangeinfo_enriched_discovery,equities|frequent_3_6|long|unknown_trigger|unknown_execution,family_blocked,0.0,28,4,5,0.0,-10.575119,96.642857,1.0,INTCUSDT,3h,long,equity_synthetic,equities,,,,frequent_3_6,10.0,3.516922,0.666667,3.663756,15,4.99338,mark_index_watch,not_checked,not_checked,fresh_enough,,,,,outside_similarity_pool=direct_reward_only,paper_trading_strategy_discovery_equities_v2.csv,equities|INTCUSDT|3h|long||||frequent_3_6|10.0||65.0|3000.0|-3.0|6.0|600
reject_or_rework,-10.628337,-10.628337,reject_or_rework,promotion_blocked,68,validator_freshness_not_clean:stale_validation_overlays,mark_index_not_checked;microstructure_not_checked;reality_pack_not_checked,rerun_mark_index_microstructure_reality_pack;run_mark_index_replay_filter;run_microstructure_replay_validator;run_queue_reality_pack_validator,crypto_liquid_momentum|long|last_price|taker_market,family_blocked,0.0,529,16,7,0.0,-8.284963,80.226843,1.0,ORDIUSDT,4h,long,altcoin,core_postfix_explore_20260603,exploration,last_price,taker_market,micro_scalp_1_2,3.0,2.331622,0.555556,1.727661,27,16.820949,not_checked,not_checked,not_checked,stale_validation_overlays,"mark_index_older_than_source,microstructure_older_than_source,reality_pack_older_than_source",not_checked,ok,passed_latest_window_validation,outside_similarity_pool=direct_reward_only,paper_trading_strategy_discovery_core_postfix_explore_20260603_v2.csv,aster_strategy:core_postfix_explore_20260603:core:ordiusdt:long:4h:exploration:last_price:taker_market:micro_scalp_1_2:s60.0:v5000.0:slneg1.0:tp2.0:ta1.0:td0.5:h180:w20:lev3
reject_or_rework,-10.654667,-10.654667,reject_or_rework,promotion_blocked,88,identity_incomplete:strategy_profile,mark_index_not_checked;microstructure_not_checked;reality_pack_not_checked;out_of_sample_missing,rebuild_csv_with_complete_strategy_identity;run_mark_index_replay_filter;run_microstructure_replay_validator;run_queue_reality_pack_validator;rerun_discovery_with_train_validation_split,core_exchangeinfo|standard|mid_5_10|long|last_price|taker_market,family_blocked,0.0,53,9,6,0.0,-12.078642,93.660377,1.0,SUIUSDT,15m,long,altcoin,core_exchangeinfo,standard,last_price,,mid_5_10,10.0,2.987446,0.818182,8.161664,11,7.093386,not_checked,not_checked,not_checked,fresh_enough,,not_checked,ok,,outside_similarity_pool=direct_reward_only,paper_trading_strategy_discovery_core_exchangeinfo_v2.csv,core_exchangeinfo|SUIUSDT|15m|long|standard|last_price|taker_market|mid_5_10|10.0|20|70.0|3000.0|-5.0|10.0|600
reject_or_rework,-10.693085,-10.693085,reject_or_rework,promotion_blocked,76,validator_freshness_not_clean:stale_validation_overlays,mark_index_not_checked;microstructure_not_checked;reality_pack_not_checked;high_leverage_requires_extra_liquidation_review,rerun_mark_index_microstructure_reality_pack;run_mark_index_replay_filter;run_microstructure_replay_validator;run_queue_reality_pack_validator,crypto_liquid_momentum|long|mark_price|bbo_limit,family_blocked,0.0,1739,25,7,0.039103,-9.563436,77.986199,0.968948,1000SATSUSDT,5h,long,memecoin,volatile_crypto_postfix_20260603,deep,mark_price,bbo_limit,micro_scalp_1_2,20.0,0.881485,0.7,2.90483,10,2.416291,not_checked,not_checked,not_checked,stale_validation_overlays,"mark_index_older_than_source,microstructure_older_than_source,reality_pack_older_than_source",not_checked,ok,passed_latest_window_validation,outside_similarity_pool=direct_reward_only,paper_trading_strategy_discovery_volatile_crypto_postfix_20260603_v2.csv,aster_strategy:volatile_crypto_postfix_20260603:core:1000satsusdt:long:5h:deep:mark_price:bbo_limit:micro_scalp_1_2:s75.0:v1000.0:slneg1.0:tp2.0:ta1.0:td0.5:h180:w10:lev20
reject_or_rework,-10.703782,-10.703782,reject_or_rework,review_required,74,,mark_index_not_checked;microstructure_not_checked;reality_pack_not_checked;out_of_sample_missing;exchange_filter_warning;high_leverage_requires_extra_liquidation_review,run_mark_index_replay_filter;run_microstructure_replay_validator;run_queue_reality_pack_validator;rerun_discovery_with_train_validation_split;rerun_exchangeinfo_enriched_discovery,equity_synth_slow_confirmation|long|mark_price|bbo_limit,family_blocked,0.0,985,11,7,0.0,-10.291324,81.669036,1.0,AMZNUSDT,2h,long,equity_synthetic,macro_equity_prod_mark_bbo,exploration,mark_price,,tight_1p5_3,20.0,1.803043,0.916667,15.323668,12,2.372156,not_checked,not_checked,not_checked,fresh_enough,,not_checked,warning,,outside_similarity_pool=direct_reward_only,paper_trading_strategy_discovery_macro_equity_prod_mark_bbo_v2.csv,aster_strategy:macro_equity_prod_mark_bbo:macro_equity:amznusdt:long:2h:exploration:mark_price:bbo_limit:tight_1p5_3:s75.0:v25000.0:slneg1.5:tp3.0:ta1.5:td0.75:h240:lev1p0_2p0_3p0_5p0_10p0_20p0
reject_or_rework,-10.708125,-10.708125,reject_or_rework,promotion_blocked,68,validator_freshness_not_clean:stale_validation_overlays,mark_index_not_checked;microstructure_not_checked;reality_pack_not_checked,rerun_mark_index_microstructure_reality_pack;run_mark_index_replay_filter;run_microstructure_replay_validator;run_queue_reality_pack_validator,crypto_liquid_momentum|long|last_price|taker_market,family_blocked,0.0,529,16,7,0.0,-8.284963,80.226843,1.0,ORDIUSDT,2h,long,altcoin,core_postfix_explore_20260603,exploration,last_price,taker_market,balanced_4_8,5.0,2.600013,0.555556,1.831626,18,13.87957,not_checked,not_checked,not_checked,stale_validation_overlays,"mark_index_older_than_source,microstructure_older_than_source,reality_pack_older_than_source",not_checked,ok,passed_latest_window_validation,outside_similarity_pool=direct_reward_only,paper_trading_strategy_discovery_core_postfix_explore_20260603_v2.csv,aster_strategy:core_postfix_explore_20260603:core:ordiusdt:long:2h:exploration:last_price:taker_market:balanced_4_8:s60.0:v3000.0:slneg4.0:tp8.0:ta4.0:td2.0:h600:w20:lev5
reject_or_rework,-10.714149,-10.714149,reject_or_rework,review_required,59,,mark_index_watch;microstructure_not_checked;reality_pack_not_checked;out_of_sample_missing;exchange_filter_warning,run_microstructure_replay_validator;run_queue_reality_pack_validator;rerun_discovery_with_train_validation_split;rerun_exchangeinfo_enriched_discovery,equity_synth_slow_confirmation|long|mark_price|bbo_limit,family_blocked,0.0,985,11,7,0.0,-10.291324,81.669036,1.0,INTCUSDT,5h,long,equity_synthetic,macro_equity_prod_mark_bbo,exploration,mark_price,,wide_8_16,10.0,6.572484,0.875,11.851976,8,6.069928,mark_index_watch,not_checked,not_checked,fresh_enough,,ws_forward_risky,warning,,outside_similarity_pool=direct_reward_only,paper_trading_strategy_discovery_macro_equity_prod_mark_bbo_v2.csv,aster_strategy:macro_equity_prod_mark_bbo:macro_equity:intcusdt:long:5h:exploration:mark_price:bbo_limit:wide_8_16:s55.0:v500.0:slneg8.0:tp16.0:ta8.0:td4.0:h800:lev1p0_2p0_3p0_5p0_10p0_20p0
reject_or_rework,-10.719443,-10.719443,reject_or_rework,review_required,59,,mark_index_watch;microstructure_not_checked;reality_pack_not_checked;out_of_sample_missing;exchange_filter_warning,run_microstructure_replay_validator;run_queue_reality_pack_validator;rerun_discovery_with_train_validation_split;rerun_exchangeinfo_enriched_discovery,equity_synth_slow_confirmation|long|mark_price|bbo_limit,family_blocked,0.0,985,11,7,0.0,-10.291324,81.669036,1.0,INTCUSDT,1h,long,equity_synthetic,macro_equity_prod_mark_bbo,exploration,mark_price,,wide_8_16,10.0,7.664948,0.875,12.764136,8,8.718262,mark_index_watch,not_checked,not_checked,fresh_enough,,ws_forward_risky,warning,,outside_similarity_pool=direct_reward_only,paper_trading_strategy_discovery_macro_equity_prod_mark_bbo_v2.csv,aster_strategy:macro_equity_prod_mark_bbo:macro_equity:intcusdt:long:1h:exploration:mark_price:bbo_limit:wide_8_16:s65.0:v1000.0:slneg8.0:tp16.0:ta8.0:td4.0:h800:lev1p0_2p0_3p0_5p0_10p0_20p0
reject_or_rework,-10.732175,-10.732175,reject_or_rework,promotion_blocked,96,identity_incomplete:strategy_profile,mark_index_not_checked;microstructure_not_checked;reality_pack_not_checked;out_of_sample_missing;exchange_filter_warning,rebuild_csv_with_complete_strategy_identity;run_mark_index_replay_filter;run_microstructure_replay_validator;run_queue_reality_pack_validator;rerun_discovery_with_train_validation_split;rerun_exchangeinfo_enriched_discovery,core_exchangeinfo|standard|mid_5_10|long|last_price|taker_market,family_blocked,0.0,53,9,6,0.0,-12.078642,93.660377,1.0,LABUSDT,15m,long,altcoin,core_exchangeinfo,standard,last_price,,mid_5_10,2.0,10.208175,0.626506,1.563228,83,44.035242,not_checked,not_checked,not_checked,fresh_enough,,ws_forward_ready,warning,,outside_similarity_pool=direct_reward_only,paper_trading_strategy_discovery_core_exchangeinfo_v2.csv,core_exchangeinfo|LABUSDT|15m|long|standard|last_price|taker_market|mid_5_10|2.0|20|65.0|3000.0|-5.0|10.0|600
reject_or_rework,-10.740899,-10.740899,reject_or_rework,review_required,58,,mark_index_not_checked;microstructure_not_checked;reality_pack_not_checked;out_of_sample_missing,run_mark_index_replay_filter;run_microstructure_replay_validator;run_queue_reality_pack_validator;rerun_discovery_with_train_validation_split,crypto_liquid_momentum|long|mark_price|bbo_limit,family_blocked,0.0,1739,25,7,0.039103,-9.563436,77.986199,0.968948,OPUSDT,15m,long,altcoin,core_prod_mark_bbo,deep,mark_price,,mid_5_10,3.0,2.928557,0.578947,1.792224,19,19.915686,not_checked,not_checked,not_checked,fresh_enough,,not_checked,ok,,outside_similarity_pool=direct_reward_only,paper_trading_strategy_discovery_core_prod_mark_bbo_v2.csv,aster_strategy:core_prod_mark_bbo:core:opusdt:long:15m:deep:mark_price:bbo_limit:mid_5_10:s70.0:v25000.0:slneg5.0:tp10.0:ta5.0:td2.5:h600:lev1p0_2p0_3p0_5p0_10p0_20p0
reject_or_rework,-10.75218,-10.75218,reject_or_rework,promotion_blocked,78,validator_freshness_not_clean:stale_validation_overlays,mark_index_not_checked;microstructure_not_checked;reality_pack_not_checked;open_unrealized_pnl_separate_from_realized,rerun_mark_index_microstructure_reality_pack;run_mark_index_replay_filter;run_microstructure_replay_validator;run_queue_reality_pack_validator;rank_on_realized_pnl_not_latent,crypto_liquid_momentum|long|mark_price|bbo_limit,family_blocked,0.0,1739,25,7,0.039103,-9.563436,77.986199,0.968948,ARBUSDT,30m,long,altcoin,core_postfix_mark_bbo_20260603,deep,mark_price,bbo_limit,scalp_2p5_5,5.0,1.738022,0.653846,2.077548,26,7.35716,not_checked,not_checked,not_checked,stale_validation_overlays,"mark_index_older_than_source,microstructure_older_than_source,reality_pack_older_than_source",not_checked,ok,passed_latest_window_validation,outside_similarity_pool=direct_reward_only,paper_trading_strategy_discovery_core_postfix_mark_bbo_20260603_v2.csv,aster_strategy:core_postfix_mark_bbo_20260603:core:arbusdt:long:30m:deep:mark_price:bbo_limit:scalp_2p5_5:s60.0:v25000.0:slneg2.5:tp5.0:ta2.5:td1.25:h360:w20:lev5
reject_or_rework,-10.756726,-10.756726,reject_or_rework,promotion_blocked,68,validator_freshness_not_clean:stale_validation_overlays,mark_index_not_checked;microstructure_not_checked;reality_pack_not_checked,rerun_mark_index_microstructure_reality_pack;run_mark_index_replay_filter;run_microstructure_replay_validator;run_queue_reality_pack_validator,crypto_liquid_momentum|long|last_price|taker_market,family_blocked,0.0,529,16,7,0.0,-8.284963,80.226843,1.0,ORDIUSDT,3h,long,altcoin,core_postfix_explore_20260603,exploration,last_price,taker_market,scalp_2p5_5,3.0,1.252164,0.56,1.370243,25,14.74135,not_checked,not_checked,not_checked,stale_validation_overlays,"mark_index_older_than_source,microstructure_older_than_source,reality_pack_older_than_source",not_checked,ok,passed_latest_window_validation,outside_similarity_pool=direct_reward_only,paper_trading_strategy_discovery_core_postfix_explore_20260603_v2.csv,aster_strategy:core_postfix_explore_20260603:core:ordiusdt:long:3h:exploration:last_price:taker_market:scalp_2p5_5:s55.0:v5000.0:slneg2.5:tp5.0:ta2.5:td1.25:h360:w40:lev3
reject_or_rework,-10.767641,-10.767641,reject_or_rework,review_required,66,,mark_index_not_checked;microstructure_not_checked;reality_pack_not_checked;out_of_sample_missing;exchange_filter_warning,run_mark_index_replay_filter;run_microstructure_replay_validator;run_queue_reality_pack_validator;rerun_discovery_with_train_validation_split;rerun_exchangeinfo_enriched_discovery,equity_synth_slow_confirmation|long|mark_price|bbo_limit,family_blocked,0.0,985,11,7,0.0,-10.291324,81.669036,1.0,AMZNUSDT,15m,long,equity_synthetic,macro_equity_validation_20260602,exploration,mark_price,,balanced_4_8,10.0,2.348859,0.875,8.389865,8,5.314949,not_checked,not_checked,not_checked,fresh_enough,,not_checked,warning,,outside_similarity_pool=direct_reward_only,paper_trading_strategy_discovery_macro_equity_validation_20260602_v2.csv,aster_strategy:macro_equity_validation_20260602:macro_equity:amznusdt:long:15m:exploration:mark_price:bbo_limit:balanced_4_8:s75.0:v25000.0:slneg4.0:tp8.0:ta4.0:td2.0:h600:lev1p0_2p0_3p0_5p0_10p0_20p0
forward_watch,12.333019,17.592192,forward_watch,watch_only,20,,out_of_sample_missing;exchange_filter_warning,rerun_discovery_with_train_validation_split;rerun_exchangeinfo_enriched_discovery,priority_watchlist_exploration|long|last_price|taker_market,family_blocked,0.0,1026,15,7,0.157895,-4.680357,70.080897,0.920078,HYPEUSDT,5h,long,altcoin,priority_watchlist_prod,exploration,last_price,,strict_6_12,10.0,5.219165,0.909091,10.882973,11,7.542223,mark_index_confirmed,microstructure_ok,validation_passed_clean,fresh_enough,,ws_forward_ready,warning,,mark_index_verdict=mark_index_confirmed;microstructure_verdict=microstructure_ok;reality_validation_status=validation_passed_clean;validation_freshness_verdict=fresh_enough;mistake_guardrail_verdict=watch_only;lane_family_verdict=family_blocked;asset_category=altcoin,paper_trading_strategy_discovery_priority_watchlist_prod_v2.csv,aster_strategy:priority_watchlist_prod:priority_watchlist:hypeusdt:long:5h:exploration:last_price:taker_market:strict_6_12:s60.0:v500.0:slneg6.0:tp12.0:ta6.0:td3.0:h600:lev1p0_2p0_3p0_5p0_10p0_20p0
forward_watch,12.242036,17.449625,forward_watch,watch_only,20,,out_of_sample_missing;exchange_filter_warning,rerun_discovery_with_train_validation_split;rerun_exchangeinfo_enriched_discovery,priority_watchlist_exploration|long|last_price|taker_market,family_blocked,0.0,1026,15,7,0.157895,-4.680357,70.080897,0.920078,HYPEUSDT,3h,long,altcoin,priority_watchlist_prod,exploration,last_price,,wide_8_16,5.0,5.719652,0.9,11.463063,10,11.655647,mark_index_confirmed,microstructure_ok,validation_passed_clean,fresh_enough,,ws_forward_ready,warning,,mark_index_verdict=mark_index_confirmed;microstructure_verdict=microstructure_ok;reality_validation_status=validation_passed_clean;validation_freshness_verdict=fresh_enough;mistake_guardrail_verdict=watch_only;lane_family_verdict=family_blocked;asset_category=altcoin,paper_trading_strategy_discovery_priority_watchlist_prod_v2.csv,aster_strategy:priority_watchlist_prod:priority_watchlist:hypeusdt:long:3h:exploration:last_price:taker_market:wide_8_16:s60.0:v500.0:slneg8.0:tp16.0:ta8.0:td4.0:h800:lev1p0_2p0_3p0_5p0_10p0_20p0
forward_watch,1.483882,5.734257,forward_watch,watch_only,27,,mark_index_watch;reality_pack_watch;out_of_sample_missing,rerun_discovery_with_train_validation_split,crypto_liquid_momentum|long|mark_price|bbo_limit,family_blocked,0.0,1739,25,7,0.039103,-9.563436,77.986199,0.968948,HUSDT,3h,long,altcoin,memecoin_volatile_strategy_search,deep,mark_price,,wide_10_20,5.0,19.932792,0.882353,19.645507,17,13.968448,mark_index_watch,microstructure_ok,validation_passed_watch,fresh_enough,,not_checked,ok,,mark_index_verdict=mark_index_watch;microstructure_verdict=microstructure_ok;reality_validation_status=validation_passed_watch;validation_freshness_verdict=fresh_enough;mistake_guardrail_verdict=watch_only;lane_family_verdict=family_blocked;asset_category=altcoin,paper_trading_strategy_discovery_memecoin_volatile_strategy_search_v2.csv,aster_strategy:memecoin_volatile_strategy_search:core:husdt:long:3h:deep:mark_price:bbo_limit:wide_10_20:s55.0:v500.0:slneg10.0:tp20.0:ta10.0:td5.0:h1000:lev1p0_2p0_3p0_5p0_10p0_20p0
forward_watch,12.333019,17.592192,forward_watch,watch_only,20,,out_of_sample_missing;exchange_filter_warning,rerun_discovery_with_train_validation_split;rerun_exchangeinfo_enriched_discovery,priority_watchlist_exploration|long|last_price|taker_market,family_blocked,0.0,1026,15,7,0.157895,-4.680357,70.080897,0.920078,HYPEUSDT,5h,long,altcoin,priority_watchlist_prod,exploration,last_price,,strict_6_12,10.0,5.219165,0.909091,10.882973,11,7.542223,mark_index_confirmed,microstructure_ok,validation_passed_clean,fresh_enough,,ws_forward_ready,warning,,mark_index_verdict=mark_index_confirmed;microstructure_verdict=microstructure_ok;reality_validation_status=validation_passed_clean;validation_freshness_verdict=fresh_enough;mistake_guardrail_verdict=watch_only;lane_family_verdict=family_blocked;asset_category=altcoin,paper_trading_strategy_discovery_priority_watchlist_prod_v2.csv,aster_strategy:priority_watchlist_prod:priority_watchlist:hypeusdt:long:5h:exploration:last_price:taker_market:strict_6_12:s60.0:v500.0:slneg6.0:tp12.0:ta6.0:td3.0:h600:lev1p0_2p0_3p0_5p0_10p0_20p0
forward_watch,1.483882,5.734257,forward_watch,watch_only,27,,mark_index_watch;reality_pack_watch;out_of_sample_missing,rerun_discovery_with_train_validation_split,crypto_liquid_momentum|long|mark_price|bbo_limit,family_blocked,0.0,1739,25,7,0.039103,-9.563436,77.986199,0.968948,HUSDT,3h,long,altcoin,memecoin_volatile_strategy_search,deep,mark_price,,wide_10_20,5.0,19.932792,0.882353,19.645507,17,13.968448,mark_index_watch,microstructure_ok,validation_passed_watch,fresh_enough,,not_checked,ok,,mark_index_verdict=mark_index_watch;microstructure_verdict=microstructure_ok;reality_validation_status=validation_passed_watch;validation_freshness_verdict=fresh_enough;mistake_guardrail_verdict=watch_only;lane_family_verdict=family_blocked;asset_category=altcoin,paper_trading_strategy_discovery_memecoin_volatile_strategy_search_v2.csv,aster_strategy:memecoin_volatile_strategy_search:core:husdt:long:3h:deep:mark_price:bbo_limit:wide_10_20:s55.0:v500.0:slneg10.0:tp20.0:ta10.0:td5.0:h1000:lev1p0_2p0_3p0_5p0_10p0_20p0
