symbol,interval,side,output_tag,roi_pct,win_rate,profit_factor,closed_trades,status,reality_score,mark_index_verdict,microstructure_verdict,ws_forward_verdict,exchange_filter_verdict,execution_model,trigger_reference,best_tradable_leverage,source_file
HYPEUSDT,15m,long,focused_candidate_validation,6.853274,0.6,3.19847,10,reality_validated_watch_or_better,8,mark_index_confirmed,microstructure_ok,ws_forward_ready,warning,,mark_price,5.0,paper_trading_strategy_discovery_focused_candidate_validation_v2.csv
LABUSDT,30m,long,core_prod_mark_bbo,48.805187,0.675,3.017796,80,reality_validated_watch_or_better,6,mark_index_watch,microstructure_ok,ws_forward_ready,warning,,mark_price,1.0,paper_trading_strategy_discovery_core_prod_mark_bbo_progress_v2.csv
CRCLUSDT,3h,long,macro_equity_prod_mark_bbo,3.194172,0.625,3.080861,8,needs_reality_validation,3,mark_index_confirmed,not_checked,ws_forward_risky,warning,,mark_price,5.0,paper_trading_strategy_discovery_macro_equity_prod_mark_bbo_v2.csv
PLAYUSDT,30m,long,priority_watchlist_prod,14.118078,0.55,1.960022,60,needs_reality_validation,2,mark_index_watch,not_checked,not_checked,ok,,last_price,2.0,paper_trading_strategy_discovery_priority_watchlist_prod_v2.csv
INJUSDT,30m,long,core_prod_mark_bbo,9.116962,0.857143,8.072196,14,needs_reality_validation,2,mark_index_watch,not_checked,ws_forward_risky,ok,,mark_price,5.0,paper_trading_strategy_discovery_core_prod_mark_bbo_v2.csv
ETHUSD1,15m,long,priority_watchlist_prod,1.695796,0.714286,2.299559,21,needs_reality_validation,2,not_checked,not_checked,ws_forward_ready,warning,,last_price,10.0,paper_trading_strategy_discovery_priority_watchlist_prod_v2.csv
BNBUSDT,15m,long,priority_watchlist_prod,1.440969,0.75,4.227089,8,needs_reality_validation,2,not_checked,not_checked,ws_forward_ready,warning,,last_price,10.0,paper_trading_strategy_discovery_priority_watchlist_prod_v2.csv
BTCUSDT,15m,long,aster_v2_prod,1.207741,0.727273,2.547093,11,needs_reality_validation,2,not_checked,not_checked,ws_forward_ready,warning,,last_price,5.0,paper_trading_strategy_discovery_aster_v2_prod_v2.csv
HUSDT,5h,long,memecoin_volatile_strategy_search,22.169752,0.733333,7.223075,15,needs_reality_validation,1,not_checked,not_checked,not_checked,ok,,mark_price,5.0,paper_trading_strategy_discovery_memecoin_volatile_strategy_search_progress_v2.csv
PORTALUSDT,5h,long,memecoin_volatile_strategy_search,19.758926,0.583333,9.112343,12,needs_reality_validation,1,not_checked,not_checked,not_checked,ok,,mark_price,5.0,paper_trading_strategy_discovery_memecoin_volatile_strategy_search_v2.csv
PIEVERSEUSDT,15m,long,memecoin_volatile_strategy_search,10.475146,0.633333,2.1436,30,needs_reality_validation,1,not_checked,not_checked,not_checked,ok,,mark_price,3.0,paper_trading_strategy_discovery_memecoin_volatile_strategy_search_v2.csv
INTCUSDT,30m,long,macro_equity_progress,8.607797,0.888889,11.624308,9,needs_reality_validation,1,mark_index_watch,not_checked,ws_forward_risky,warning,,mark_price,5.0,paper_trading_strategy_discovery_macro_equity_progress_progress_v2.csv
WLDUSDT,15m,long,core_progress,7.464043,0.777778,5.212803,9,needs_reality_validation,1,not_checked,not_checked,not_checked,ok,,mark_price,5.0,paper_trading_strategy_discovery_core_progress_progress_v2.csv
JUPUSDT,3h,long,core_progress,5.018703,0.875,13.417576,8,needs_reality_validation,1,not_checked,not_checked,not_checked,ok,,mark_price,10.0,paper_trading_strategy_discovery_core_progress_progress_v2.csv
SEIUSDT,15m,long,core_prod_mark_bbo,4.780041,0.647059,2.133525,51,needs_reality_validation,1,not_checked,not_checked,not_checked,ok,,mark_price,5.0,paper_trading_strategy_discovery_core_prod_mark_bbo_v2.csv
DRAMUSDT,15m,long,macro_equity_deep_mark_bbo_night,4.047472,0.68,2.130586,50,needs_reality_validation,1,not_checked,not_checked,ws_forward_risky,ok,,mark_price,10.0,paper_trading_strategy_discovery_macro_equity_deep_mark_bbo_night_v2.csv
TIAUSDT,2h,long,core_exchangeinfo,3.944724,0.75,4.316062,12,needs_reality_validation,1,not_checked,not_checked,not_checked,ok,,last_price,5.0,paper_trading_strategy_discovery_core_exchangeinfo_v2.csv
SUIUSDT,15m,long,core_progress,3.609072,0.818182,5.64087,11,needs_reality_validation,1,not_checked,not_checked,not_checked,ok,,mark_price,10.0,paper_trading_strategy_discovery_core_progress_progress_v2.csv
ARBUSDT,30m,long,core_prod_mark_bbo,3.424765,0.76,3.458019,25,needs_reality_validation,1,not_checked,not_checked,not_checked,ok,,mark_price,10.0,paper_trading_strategy_discovery_core_prod_mark_bbo_v2.csv
ORDIUSDT,15m,long,core_exchangeinfo,3.37972,0.578947,1.601246,19,needs_reality_validation,1,not_checked,not_checked,not_checked,ok,,last_price,3.0,paper_trading_strategy_discovery_core_exchangeinfo_v2.csv
MSTRUSDT,15m,long,equities_explore_exchangeinfo,3.30266,0.625,2.546031,8,needs_reality_validation,1,not_checked,not_checked,not_checked,ok,,last_price,5.0,paper_trading_strategy_discovery_equities_explore_exchangeinfo_v2.csv
OPUSDT,15m,long,core_prod_mark_bbo,2.928557,0.578947,1.792224,19,needs_reality_validation,1,not_checked,not_checked,not_checked,ok,,mark_price,3.0,paper_trading_strategy_discovery_core_prod_mark_bbo_v2.csv
CLUSDT,5h,long,macro_equity_prod_mark_bbo,2.451708,0.681818,2.447885,22,needs_reality_validation,1,not_checked,not_checked,ws_forward_watch,ok,,mark_price,10.0,paper_trading_strategy_discovery_macro_equity_prod_mark_bbo_v2.csv
LINKUSDT,30m,long,core_progress,1.936986,0.8125,4.079809,16,needs_reality_validation,1,not_checked,not_checked,not_checked,ok,,mark_price,10.0,paper_trading_strategy_discovery_core_progress_progress_v2.csv
ADAUSDT,15m,long,core_prod_mark_bbo,1.911997,0.7,2.495046,20,needs_reality_validation,1,not_checked,not_checked,not_checked,ok,,mark_price,10.0,paper_trading_strategy_discovery_core_prod_mark_bbo_v2.csv
AMDUSDT,15m,long,equities_explore_exchangeinfo,1.776415,0.777778,4.888622,9,needs_reality_validation,1,not_checked,not_checked,ws_forward_risky,ok,,last_price,20.0,paper_trading_strategy_discovery_equities_explore_exchangeinfo_v2.csv
DOGEUSDT,15m,long,core_exchangeinfo,1.704459,0.75,4.21363,8,needs_reality_validation,1,not_checked,not_checked,not_checked,ok,,last_price,5.0,paper_trading_strategy_discovery_core_exchangeinfo_v2.csv
1000WOJAKUSDT,15m,long,memecoin_volatile_strategy_search,19.424316,0.586207,2.366096,87,needs_reality_validation,0,not_checked,not_checked,not_checked,warning,,mark_price,5.0,paper_trading_strategy_discovery_memecoin_volatile_strategy_search_v2.csv
GUAUSDT,15m,long,memecoin_volatile_strategy_search,19.103313,0.730769,2.867698,52,needs_reality_validation,0,not_checked,not_checked,not_checked,warning,,mark_price,3.0,paper_trading_strategy_discovery_memecoin_volatile_strategy_search_v2.csv
NVDAUSDT,30m,long,macro_equity_prod_mark_bbo,3.113782,0.777778,5.271885,9,needs_reality_validation,0,not_checked,not_checked,ws_forward_watch,warning,,mark_price,10.0,paper_trading_strategy_discovery_macro_equity_prod_mark_bbo_v2.csv
AMZNUSDT,15m,long,macro_equity_exchangeinfo,2.647881,0.785714,5.063946,14,needs_reality_validation,0,not_checked,not_checked,not_checked,warning,,last_price,10.0,paper_trading_strategy_discovery_macro_equity_exchangeinfo_v2.csv
XAGUSDT,15m,long,macro_equity_exchangeinfo,2.486902,0.875,19.213179,8,needs_reality_validation,0,not_checked,not_checked,ws_forward_watch,warning,,last_price,10.0,paper_trading_strategy_discovery_macro_equity_exchangeinfo_v2.csv
MSFTUSDT,1h,long,macro_equity_prod_mark_bbo,2.405438,0.923077,11.531588,13,needs_reality_validation,0,not_checked,not_checked,ws_forward_risky,warning,,mark_price,10.0,paper_trading_strategy_discovery_macro_equity_prod_mark_bbo_v2.csv
GOOGLUSDT,3h,long,equities_explore_exchangeinfo,1.960806,0.928571,20.201663,14,needs_reality_validation,0,not_checked,not_checked,not_checked,warning,,last_price,20.0,paper_trading_strategy_discovery_equities_explore_exchangeinfo_v2.csv
WIFUSDT,1h,long,core_prod_mark_bbo,1.86139,0.7,3.062696,10,needs_reality_validation,0,not_checked,not_checked,not_checked,warning,,mark_price,10.0,paper_trading_strategy_discovery_core_prod_mark_bbo_v2.csv
TSLAUSDT,2h,long,macro_equity_prod_mark_bbo,1.858783,0.625,3.046328,8,needs_reality_validation,0,not_checked,not_checked,not_checked,warning,,mark_price,20.0,paper_trading_strategy_discovery_macro_equity_prod_mark_bbo_v2.csv
AAPLUSDT,3h,long,equities,1.205342,0.875,5.923045,8,needs_reality_validation,0,not_checked,not_checked,not_checked,not_checked,,,20.0,paper_trading_strategy_discovery_equities_v2.csv
METAUSDT,30m,long,aster_v2_prod,1.196358,0.666667,2.754668,12,needs_reality_validation,0,not_checked,not_checked,ws_forward_risky,warning,,last_price,10.0,paper_trading_strategy_discovery_aster_v2_prod_v2.csv
APTUSDT,2h,long,core,0.84179,0.75,3.134141,8,needs_reality_validation,0,not_checked,not_checked,not_checked,not_checked,,,10.0,paper_trading_strategy_discovery_core_v2.csv
XRPUSDT,15m,long,core_champions,0.13234,0.666667,1.47283,9,needs_reality_validation,0,not_checked,not_checked,not_checked,not_checked,,,20.0,paper_trading_strategy_discovery_core_champions_v2.csv
BOMEUSDT,3h,long,core_prod_mark_bbo,8.470052,0.634146,3.218265,41,blocked_by_reality_filter,-4,mark_index_rejected,not_checked,not_checked,ok,,mark_price,5.0,paper_trading_strategy_discovery_core_prod_mark_bbo_v2.csv
