symbol,base_asset,asset_category,is_memecoin,volatility_score,price_change_pct_24h,quote_volume_24h,best_strategy_score,best_output_tag,best_interval,best_side,best_roi_pct,best_win_rate,best_profit_factor,best_closed_trades,next_validation_action,validation_score,recommended_strategy_family,recommended_runner_tag,recommended_timeframes,risk_note,recommendation_reason,best_strategy_profile_id
DOGEUSDT,DOGE,memecoin,True,44.133,-2.422,16835908.77,41.33,core_prod_mark_bbo,2h,long,0.772973,0.552941,1.354565,85,,,memecoin_volatility_breakout_plus_fade_review,volatile_crypto_discovery,"15m,30m,1h,2h",small_size_only_high_volatility,memecoin_detected,aster_strategy:core_prod_mark_bbo:core:dogeusdt:long:2h:deep:mark_price:bbo_limit:micro_scalp_1_2:s55.0:v500.0:slneg1.0:tp2.0:ta1.0:td0.5:h180:lev1p0_2p0_3p0_5p0_10p0_20p0
1000PEPEUSDT,1000PEPE,memecoin,True,35.422,-2.909,347514.41,,,,,,,,,,,memecoin_volatility_breakout_plus_fade_review,volatile_crypto_discovery,"15m,30m,1h,2h",small_size_only_high_volatility,memecoin_detected,
1000WOJAKUSDT,1000WOJAK,memecoin,True,24.448,11.708,2366.99,62.951,memecoin_volatile_strategy_search,15m,long,19.419649,0.579545,2.333396,88,,,memecoin_volatility_breakout_plus_fade_review,volatile_crypto_discovery,"15m,30m,1h,2h",small_size_only_high_volatility,"memecoin_detected,existing_backtest_promising_15m",aster_strategy:memecoin_volatile_strategy_search:core:1000wojakusdt:long:15m:deep:mark_price:bbo_limit:balanced_4_8:s80.0:v500.0:slneg4.0:tp8.0:ta4.0:td2.0:h600:lev1p0_2p0_3p0_5p0_10p0_20p0
BOMEUSDT,BOME,memecoin,True,7.06,-7.71,1695.63,99.275,core_progress,2h,long,10.531505,0.875,15.71854,8,validate_mark_index_first,66.723,memecoin_volatility_breakout_plus_fade_review,volatile_crypto_discovery,"15m,30m,1h,2h",small_size_only_high_volatility,"memecoin_detected,existing_backtest_promising_2h",
WIFUSDT,WIF,memecoin,True,,,,46.812,core_prod_mark_bbo,1h,long,1.258368,0.875,6.117711,8,,,memecoin_volatility_breakout_plus_fade_review,volatile_crypto_discovery,"15m,30m,1h,2h",small_size_only_high_volatility,memecoin_detected,aster_strategy:core_prod_mark_bbo:core:wifusdt:long:1h:deep:mark_price:bbo_limit:scalp_2p5_5:s55.0:v1000.0:slneg2.5:tp5.0:ta2.5:td1.25:h360:lev1p0_2p0_3p0_5p0_10p0_20p0
LABUSDT,LAB,volatile_altcoin,False,100.0,33.282,56341246.66,112.961,aster_v2_prod,5h,long,32.572476,0.846154,10.684587,26,microstructure_review_required,100.0,volatile_altcoin_momentum,volatile_crypto_discovery,"30m,1h,2h,3h",medium_risk_reality_checks_required,"high_24h_volatility_score,existing_backtest_promising_5h,extreme_current_volatility",aster_strategy:aster_v2_prod:aster_v2:labusdt:long:5h:exploration:last_price:taker_market:wide_10_20:s55.0:v10000.0:slneg10.0:tp20.0:ta10.0:td5.0:h1000:lev1p0_2p0_3p0_5p0_10p0_20p0
ESPORTSUSDT,ESPORTS,volatile_altcoin,False,79.351,29.45,2307213.61,,,,,,,,,,,volatile_altcoin_momentum,volatile_crypto_discovery,"30m,1h,2h,3h",medium_risk_reality_checks_required,high_24h_volatility_score,
SKYAIUSDT,SKYAI,volatile_altcoin,False,71.973,-22.07,8567872.03,,,,,,,,,,,volatile_altcoin_momentum,volatile_crypto_discovery,"30m,1h,2h,3h",medium_risk_reality_checks_required,high_24h_volatility_score,
PIEVERSEUSDT,PIEVERSE,volatile_altcoin,False,68.486,35.897,175721.19,51.756,memecoin_volatile_strategy_search,3h,long,9.184801,0.705882,4.800647,17,,,volatile_altcoin_momentum,volatile_crypto_discovery,"30m,1h,2h,3h",medium_risk_reality_checks_required,high_24h_volatility_score,aster_strategy:memecoin_volatile_strategy_search:core:pieverseusdt:long:3h:deep:mark_price:bbo_limit:scalp_2p5_5:s75.0:v1000.0:slneg2.5:tp5.0:ta2.5:td1.25:h360:lev1p0_2p0_3p0_5p0_10p0_20p0
EDGEUSDT,EDGE,volatile_altcoin,False,66.523,-46.275,455513.13,,,,,,,,,,,volatile_altcoin_momentum,volatile_crypto_discovery,"30m,1h,2h,3h",medium_risk_reality_checks_required,high_24h_volatility_score,
GUAUSDT,GUA,volatile_altcoin,False,65.454,-16.41,12380614.6,61.199,memecoin_volatile_strategy_search,30m,long,17.401356,0.675,2.212343,80,,,volatile_altcoin_momentum,volatile_crypto_discovery,"30m,1h,2h,3h",medium_risk_reality_checks_required,"high_24h_volatility_score,existing_backtest_promising_30m",aster_strategy:memecoin_volatile_strategy_search:core:guausdt:long:30m:deep:mark_price:bbo_limit:strict_6_12:s65.0:v1000.0:slneg6.0:tp12.0:ta6.0:td3.0:h600:lev1p0_2p0_3p0_5p0_10p0_20p0
PORTALUSDT,PORTAL,altcoin,False,64.549,-28.629,431047.24,78.189,memecoin_volatile_strategy_search,5h,long,19.758926,0.583333,9.112343,12,,,altcoin_discovery,aster_v2_prod,"30m,1h,2h,3h",standard_research,"generic_altcoin,existing_backtest_promising_5h",aster_strategy:memecoin_volatile_strategy_search:core:portalusdt:long:5h:deep:mark_price:bbo_limit:scalp_2p5_5:s55.0:v5000.0:slneg2.5:tp5.0:ta2.5:td1.25:h360:lev1p0_2p0_3p0_5p0_10p0_20p0
COHRUSDT,COHR,altcoin,False,59.87,19.65,62341.87,,,,,,,,,,,altcoin_discovery,aster_v2_prod,"30m,1h,2h,3h",standard_research,generic_altcoin,
HUSDT,H,altcoin,False,59.454,-14.351,8786037.36,127.928,memecoin_volatile_strategy_search,3h,long,19.932792,0.882353,19.645507,17,,,altcoin_discovery,aster_v2_prod,"30m,1h,2h,3h",standard_research,"generic_altcoin,existing_backtest_promising_3h",aster_strategy:memecoin_volatile_strategy_search:core:husdt:long:3h:deep:mark_price:bbo_limit:wide_10_20:s55.0:v500.0:slneg10.0:tp20.0:ta10.0:td5.0:h1000:lev1p0_2p0_3p0_5p0_10p0_20p0
USELESSUSDT,USELESS,altcoin,False,54.36,32.589,118200.39,,,,,,,,,,,altcoin_discovery,aster_v2_prod,"30m,1h,2h,3h",standard_research,generic_altcoin,
UPUSDT,UP,altcoin,False,53.263,-10.942,593637.28,,,,,,,,,,,altcoin_discovery,aster_v2_prod,"30m,1h,2h,3h",standard_research,generic_altcoin,
NEARUSDT,NEAR,altcoin,False,52.995,12.606,3424914.08,,,,,,,,,,,altcoin_discovery,aster_v2_prod,"30m,1h,2h,3h",standard_research,generic_altcoin,
PARTIUSDT,PARTI,altcoin,False,51.414,15.114,171331.72,,,,,,,,,,,altcoin_discovery,aster_v2_prod,"30m,1h,2h,3h",standard_research,generic_altcoin,
ZECUSDT,ZEC,altcoin,False,51.213,7.224,24787416.46,,,,,,,,,,,altcoin_discovery,aster_v2_prod,"30m,1h,2h,3h",standard_research,generic_altcoin,
BTCUSDT,BTC,major_crypto,False,50.966,-4.772,1464351321.44,35.951,aster_v2_prod,30m,long,1.030006,0.727273,2.565043,11,,,liquid_crypto_momentum_or_mean_reversion,core_prod_mark_bbo,"30m,1h,2h,4h",lower_spread_but_lower_edge,major_liquid_crypto,aster_strategy:aster_v2_prod:aster_v2:btcusdt:long:30m:exploration:last_price:taker_market:frequent_3_6:s70.0:v500.0:slneg3.0:tp6.0:ta3.0:td1.5:h600:lev1p0_2p0_3p0_5p0_10p0_20p0
FLNCUSDT,FLNC,altcoin,False,50.765,16.502,472319.17,,,,,,,,,,,altcoin_discovery,aster_v2_prod,"30m,1h,2h,3h",standard_research,generic_altcoin,
CHIPUSDT,CHIP,altcoin,False,50.533,14.849,367970.38,,,,,,,,,,,altcoin_discovery,aster_v2_prod,"30m,1h,2h,3h",standard_research,generic_altcoin,
MINIMAXUSDT,MINIMAX,altcoin,False,49.364,-5.38,7855.26,,,,,,,,,,,altcoin_discovery,aster_v2_prod,"30m,1h,2h,3h",standard_research,generic_altcoin,
BTCUSD1,BTC,major_crypto,False,48.419,-4.775,41001464.36,,,,,,,,,,,liquid_crypto_momentum_or_mean_reversion,core_prod_mark_bbo,"30m,1h,2h,4h",lower_spread_but_lower_edge,major_liquid_crypto,
ICPUSDT,ICP,altcoin,False,48.174,12.026,530967.1,,,,,,,,,,,altcoin_discovery,aster_v2_prod,"30m,1h,2h,3h",standard_research,generic_altcoin,
WLDUSDT,WLD,altcoin,False,47.491,12.037,1643286.49,50.141,core_progress,15m,long,7.464043,0.777778,5.212803,9,,,altcoin_discovery,aster_v2_prod,"30m,1h,2h,3h",standard_research,generic_altcoin,
UBUSDT,UB,altcoin,False,47.358,29.833,75609.0,,,,,,,,,,,altcoin_discovery,aster_v2_prod,"30m,1h,2h,3h",standard_research,generic_altcoin,
BIOUSDT,BIO,altcoin,False,47.328,11.37,176437.51,,,,,,,,,,,altcoin_discovery,aster_v2_prod,"30m,1h,2h,3h",standard_research,generic_altcoin,
SOXLUSDT,SOXL,altcoin,False,47.088,12.633,151382.58,,,,,,,,,,,altcoin_discovery,aster_v2_prod,"30m,1h,2h,3h",standard_research,generic_altcoin,
SIRENUSDT,SIREN,altcoin,False,46.575,-8.694,1733125.84,,,,,,,,,,,altcoin_discovery,aster_v2_prod,"30m,1h,2h,3h",standard_research,generic_altcoin,
XLMUSDT,XLM,altcoin,False,46.238,-11.247,2958863.4,,,,,,,,,,,altcoin_discovery,aster_v2_prod,"30m,1h,2h,3h",standard_research,generic_altcoin,
NOMUSDT,NOM,altcoin,False,46.076,-14.034,42934.8,,,,,,,,,,,altcoin_discovery,aster_v2_prod,"30m,1h,2h,3h",standard_research,generic_altcoin,
SOLUSDT,SOL,major_crypto,False,45.986,-2.35,70490921.27,,,,,,,,,,,liquid_crypto_momentum_or_mean_reversion,core_prod_mark_bbo,"30m,1h,2h,4h",lower_spread_but_lower_edge,major_liquid_crypto,
KGENUSDT,KGEN,altcoin,False,45.801,14.931,86175.41,,,,,,,,,,,altcoin_discovery,aster_v2_prod,"30m,1h,2h,3h",standard_research,generic_altcoin,
ASTERUSDT,ASTER,altcoin,False,45.793,-1.721,114205053.94,,,,,,,,,,,altcoin_discovery,aster_v2_prod,"30m,1h,2h,3h",standard_research,generic_altcoin,
XRPUSDT,XRP,major_crypto,False,45.789,-3.357,23343685.92,22.247,core_champions,15m,long,0.13234,0.666667,1.47283,9,,,liquid_crypto_momentum_or_mean_reversion,core_prod_mark_bbo,"30m,1h,2h,4h",lower_spread_but_lower_edge,major_liquid_crypto,
USUSDT,US,altcoin,False,44.868,38.243,87077.78,,,,,,,,,,,altcoin_discovery,aster_v2_prod,"30m,1h,2h,3h",standard_research,generic_altcoin,
HYPEUSDT,HYPE,altcoin,False,44.853,1.781,83245181.29,78.338,priority_watchlist_prod,5h,long,5.219165,0.909091,10.882973,11,validate_mark_index_first,88.424,altcoin_discovery,aster_v2_prod,"30m,1h,2h,3h",standard_research,generic_altcoin,aster_strategy:priority_watchlist_prod:priority_watchlist:hypeusdt:long:5h:exploration:last_price:taker_market:strict_6_12:s60.0:v10000.0:slneg6.0:tp12.0:ta6.0:td3.0:h600:lev1p0_2p0_3p0_5p0_10p0_20p0
ETHUSDT,ETH,major_crypto,False,44.429,-1.268,600990182.51,,,,,,,,,,,liquid_crypto_momentum_or_mean_reversion,core_prod_mark_bbo,"30m,1h,2h,4h",lower_spread_but_lower_edge,major_liquid_crypto,
RIVERUSDT,RIVER,altcoin,False,44.105,-11.422,116631.04,,,,,,,,,,,altcoin_discovery,aster_v2_prod,"30m,1h,2h,3h",standard_research,generic_altcoin,
SLXUSDT,SLX,altcoin,False,43.933,-4.789,337825.05,,,,,,,,,,,altcoin_discovery,aster_v2_prod,"30m,1h,2h,3h",standard_research,generic_altcoin,
PLAYUSDT,PLAY,altcoin,False,43.013,-9.567,1539944.08,124.756,priority_watchlist_prod,4h,long,16.073459,0.9,32.147552,10,validate_mark_index_first,71.284,altcoin_discovery,aster_v2_prod,"30m,1h,2h,3h",standard_research,"generic_altcoin,existing_backtest_promising_4h",aster_strategy:priority_watchlist_prod:priority_watchlist:playusdt:long:4h:exploration:last_price:taker_market:tight_1p5_3:s80.0:v500.0:slneg1.5:tp3.0:ta1.5:td0.75:h240:lev1p0_2p0_3p0_5p0_10p0_20p0
BSBUSDT,BSB,altcoin,False,42.956,-9.201,101964.5,,,,,,,,,,,altcoin_discovery,aster_v2_prod,"30m,1h,2h,3h",standard_research,generic_altcoin,
ZORAUSDT,ZORA,altcoin,False,42.898,15.876,15007.39,,,,,,,,,,,altcoin_discovery,aster_v2_prod,"30m,1h,2h,3h",standard_research,generic_altcoin,
BNBUSDT,BNB,major_crypto,False,42.626,-0.298,65704868.15,66.915,priority_watchlist_prod,15m,long,1.347145,0.875,9.414724,8,validate_mark_index_first,76.964,liquid_crypto_momentum_or_mean_reversion,core_prod_mark_bbo,"30m,1h,2h,4h",lower_spread_but_lower_edge,major_liquid_crypto,aster_strategy:priority_watchlist_prod:priority_watchlist:bnbusdt:long:15m:exploration:last_price:taker_market:frequent_3_6:s80.0:v500.0:slneg3.0:tp6.0:ta3.0:td1.5:h600:lev1p0_2p0_3p0_5p0_10p0_20p0
ETHUSD1,ETH,major_crypto,False,42.323,-1.26,40641576.38,41.89,priority_watchlist_prod,15m,long,1.659406,0.764706,3.206912,17,,,liquid_crypto_momentum_or_mean_reversion,core_prod_mark_bbo,"30m,1h,2h,4h",lower_spread_but_lower_edge,major_liquid_crypto,aster_strategy:priority_watchlist_prod:priority_watchlist:ethusd1:long:15m:exploration:last_price:taker_market:scalp_2p5_5:s65.0:v10000.0:slneg2.5:tp5.0:ta2.5:td1.25:h360:lev1p0_2p0_3p0_5p0_10p0_20p0
CLOUSDT,CLO,altcoin,False,42.135,34.418,28217.67,,,,,,,,,,,altcoin_discovery,aster_v2_prod,"30m,1h,2h,3h",standard_research,generic_altcoin,
MYXUSDT,MYX,altcoin,False,42.113,13.534,46698.2,,,,,,,,,,,altcoin_discovery,aster_v2_prod,"30m,1h,2h,3h",standard_research,generic_altcoin,
ASTEROIDUSDT,ASTEROID,altcoin,False,41.347,4.088,532971.41,,,,,,,,,,,altcoin_discovery,aster_v2_prod,"30m,1h,2h,3h",standard_research,generic_altcoin,
CLUSDT,CL,altcoin,False,41.297,-2.536,9487850.99,52.184,macro_equity_exchangeinfo,3h,long,1.091224,0.888889,6.472831,9,validate_mark_index_first,62.729,altcoin_discovery,aster_v2_prod,"30m,1h,2h,3h",standard_research,generic_altcoin,
WLFIUSDT,WLFI,altcoin,False,41.203,-2.671,6796028.2,,,,,,,,,,,altcoin_discovery,aster_v2_prod,"30m,1h,2h,3h",standard_research,generic_altcoin,
STGUSDT,STG,altcoin,False,39.712,5.607,572642.73,,,,,,,,,,,altcoin_discovery,aster_v2_prod,"30m,1h,2h,3h",standard_research,generic_altcoin,
SOLUSD1,SOL,major_crypto,False,39.356,-2.301,14935890.06,,,,,,,,,,,liquid_crypto_momentum_or_mean_reversion,core_prod_mark_bbo,"30m,1h,2h,4h",lower_spread_but_lower_edge,major_liquid_crypto,
OPGUSDT,OPG,altcoin,False,39.213,8.086,203088.8,,,,,,,,,,,altcoin_discovery,aster_v2_prod,"30m,1h,2h,3h",standard_research,generic_altcoin,
RAVEUSDT,RAVE,altcoin,False,38.731,-8.475,77841.73,,,,,,,,,,,altcoin_discovery,aster_v2_prod,"30m,1h,2h,3h",standard_research,generic_altcoin,
XMRUSDT,XMR,altcoin,False,38.731,-6.01,871484.24,,,,,,,,,,,altcoin_discovery,aster_v2_prod,"30m,1h,2h,3h",standard_research,generic_altcoin,
SAHARAUSDT,SAHARA,altcoin,False,38.705,3.875,382774.52,,,,,,,,,,,altcoin_discovery,aster_v2_prod,"30m,1h,2h,3h",standard_research,generic_altcoin,
LITUSDT,LIT,altcoin,False,38.459,2.965,1169719.6,,,,,,,,,,,altcoin_discovery,aster_v2_prod,"30m,1h,2h,3h",standard_research,generic_altcoin,
RENDERUSDT,RENDER,altcoin,False,38.449,9.1,260788.54,,,,,,,,,,,altcoin_discovery,aster_v2_prod,"30m,1h,2h,3h",standard_research,generic_altcoin,
DEXEUSDT,DEXE,altcoin,False,37.816,-3.026,158577.42,,,,,,,,,,,altcoin_discovery,aster_v2_prod,"30m,1h,2h,3h",standard_research,generic_altcoin,
TONUSDT,TON,major_crypto,False,37.528,3.224,3543566.77,,,,,,,,,,,liquid_crypto_momentum_or_mean_reversion,core_prod_mark_bbo,"30m,1h,2h,4h",lower_spread_but_lower_edge,major_liquid_crypto,
LITEUSDT,LITE,altcoin,False,37.492,14.833,35736.67,,,,,,,,,,,altcoin_discovery,aster_v2_prod,"30m,1h,2h,3h",standard_research,generic_altcoin,
INITUSDT,INIT,altcoin,False,37.416,-10.965,13285.38,,,,,,,,,,,altcoin_discovery,aster_v2_prod,"30m,1h,2h,3h",standard_research,generic_altcoin,
ADAUSDT,ADA,major_crypto,False,37.254,-3.391,303868.49,46.167,core_prod_mark_bbo,15m,long,1.778388,0.818182,5.022655,11,,,liquid_crypto_momentum_or_mean_reversion,core_prod_mark_bbo,"30m,1h,2h,4h",lower_spread_but_lower_edge,major_liquid_crypto,aster_strategy:core_prod_mark_bbo:core:adausdt:long:15m:deep:mark_price:bbo_limit:scalp_2p5_5:s75.0:v25000.0:slneg2.5:tp5.0:ta2.5:td1.25:h360:lev1p0_2p0_3p0_5p0_10p0_20p0
ALLOUSDT,ALLO,altcoin,False,36.685,-7.487,298166.88,,,,,,,,,,,altcoin_discovery,aster_v2_prod,"30m,1h,2h,3h",standard_research,generic_altcoin,
BASUSDT,BAS,altcoin,False,36.367,-6.957,281851.07,,,,,,,,,,,altcoin_discovery,aster_v2_prod,"30m,1h,2h,3h",standard_research,generic_altcoin,
MERLUSDT,MERL,altcoin,False,36.126,24.582,2387.53,,,,,,,,,,,altcoin_discovery,aster_v2_prod,"30m,1h,2h,3h",standard_research,generic_altcoin,
JTOUSDT,JTO,altcoin,False,35.594,9.838,251249.44,,,,,,,,,,,altcoin_discovery,aster_v2_prod,"30m,1h,2h,3h",standard_research,generic_altcoin,
ONDOUSDT,ONDO,altcoin,False,35.264,4.497,390217.96,,,,,,,,,,,altcoin_discovery,aster_v2_prod,"30m,1h,2h,3h",standard_research,generic_altcoin,
LINKUSDT,LINK,major_crypto,False,35.099,-1.927,563157.78,88.048,core_progress,4h,long,1.632833,0.777778,15.762043,9,reject_or_rework,82.037,liquid_crypto_momentum_or_mean_reversion,core_prod_mark_bbo,"30m,1h,2h,4h",lower_spread_but_lower_edge,major_liquid_crypto,
XIAOMIUSDT,XIAOMI,altcoin,False,35.044,3.798,10694.66,,,,,,,,,,,altcoin_discovery,aster_v2_prod,"30m,1h,2h,3h",standard_research,generic_altcoin,
GUNUSDT,GUN,altcoin,False,34.821,-4.814,27227.69,,,,,,,,,,,altcoin_discovery,aster_v2_prod,"30m,1h,2h,3h",standard_research,generic_altcoin,
SUIUSDT,SUI,altcoin,False,34.789,-3.434,911147.71,59.847,core_exchangeinfo,15m,long,2.987446,0.818182,8.161664,11,validate_mark_index_first,68.594,altcoin_discovery,aster_v2_prod,"30m,1h,2h,3h",standard_research,generic_altcoin,
INUSDT,IN,altcoin,False,34.652,-1.896,285940.76,,,,,,,,,,,altcoin_discovery,aster_v2_prod,"30m,1h,2h,3h",standard_research,generic_altcoin,
LTCUSDT,LTC,altcoin,False,33.824,-4.129,382510.89,,,,,,,,,,,altcoin_discovery,aster_v2_prod,"30m,1h,2h,3h",standard_research,generic_altcoin,
CBRSUSDT,CBRS,altcoin,False,33.703,4.644,77546.83,,,,,,,,,,,altcoin_discovery,aster_v2_prod,"30m,1h,2h,3h",standard_research,generic_altcoin,
TRIAUSDT,TRIA,altcoin,False,33.368,-4.188,3350.82,,,,,,,,,,,altcoin_discovery,aster_v2_prod,"30m,1h,2h,3h",standard_research,generic_altcoin,
AIGENSYNUSDT,AIGENSYN,altcoin,False,33.253,-8.471,42165.95,,,,,,,,,,,altcoin_discovery,aster_v2_prod,"30m,1h,2h,3h",standard_research,generic_altcoin,
TAOUSDT,TAO,altcoin,False,33.252,-0.657,766178.75,,,,,,,,,,,altcoin_discovery,aster_v2_prod,"30m,1h,2h,3h",standard_research,generic_altcoin,
AVGOUSDT,AVGO,altcoin,False,32.961,5.051,39705.2,,,,,,,,,,,altcoin_discovery,aster_v2_prod,"30m,1h,2h,3h",standard_research,generic_altcoin,
GENIUSUSDT,GENIUS,altcoin,False,32.698,2.165,768955.58,,,,,,,,,,,altcoin_discovery,aster_v2_prod,"30m,1h,2h,3h",standard_research,generic_altcoin,
JCTUSDT,JCT,altcoin,False,32.368,-7.418,41440.21,,,,,,,,,,,altcoin_discovery,aster_v2_prod,"30m,1h,2h,3h",standard_research,generic_altcoin,
MUUSDT,MU,altcoin,False,32.327,-0.148,1128925.31,,,,,,,,,,,altcoin_discovery,aster_v2_prod,"30m,1h,2h,3h",standard_research,generic_altcoin,
FIGHTUSDT,FIGHT,altcoin,False,32.214,-20.446,9657.7,,,,,,,,,,,altcoin_discovery,aster_v2_prod,"30m,1h,2h,3h",standard_research,generic_altcoin,
NAORISUSDT,NAORIS,altcoin,False,31.205,-9.703,4511.59,,,,,,,,,,,altcoin_discovery,aster_v2_prod,"30m,1h,2h,3h",standard_research,generic_altcoin,
ARCUSDT,ARC,altcoin,False,30.574,-9.196,8358.66,,,,,,,,,,,altcoin_discovery,aster_v2_prod,"30m,1h,2h,3h",standard_research,generic_altcoin,
EDENUSDT,EDEN,altcoin,False,29.582,-8.043,11921.62,,,,,,,,,,,altcoin_discovery,aster_v2_prod,"30m,1h,2h,3h",standard_research,generic_altcoin,
SKRUSDT,SKR,altcoin,False,27.436,-6.844,11343.48,,,,,,,,,,,altcoin_discovery,aster_v2_prod,"30m,1h,2h,3h",standard_research,generic_altcoin,
AGTUSDT,AGT,altcoin,False,26.716,-8.049,1098.73,,,,,,,,,,,altcoin_discovery,aster_v2_prod,"30m,1h,2h,3h",standard_research,generic_altcoin,
MUSDT,M,altcoin,False,24.571,14.409,38010.8,,,,,,,,,,,altcoin_discovery,aster_v2_prod,"30m,1h,2h,3h",standard_research,generic_altcoin,
FFUSDT,FF,altcoin,False,22.987,-7.984,27751.31,,,,,,,,,,,altcoin_discovery,aster_v2_prod,"30m,1h,2h,3h",standard_research,generic_altcoin,
MONUSDT,MON,altcoin,False,21.315,-8.294,11028.07,,,,,,,,,,,altcoin_discovery,aster_v2_prod,"30m,1h,2h,3h",standard_research,generic_altcoin,
FUNUSDT,FUN,altcoin,False,21.17,-12.814,33684.29,,,,,,,,,,,altcoin_discovery,aster_v2_prod,"30m,1h,2h,3h",standard_research,generic_altcoin,
PENGUINUSDT,PENGUIN,altcoin,False,19.94,-14.276,3263.9,,,,,,,,,,,altcoin_discovery,aster_v2_prod,"30m,1h,2h,3h",standard_research,generic_altcoin,
STABLEUSDT,STABLE,altcoin,False,18.775,-9.846,5970.03,,,,,,,,,,,altcoin_discovery,aster_v2_prod,"30m,1h,2h,3h",standard_research,generic_altcoin,
TAUSDT,TA,altcoin,False,17.589,10.941,21304.46,,,,,,,,,,,altcoin_discovery,aster_v2_prod,"30m,1h,2h,3h",standard_research,generic_altcoin,
KOMAUSDT,KOMA,altcoin,False,16.917,-6.794,2655.77,,,,,,,,,,,altcoin_discovery,aster_v2_prod,"30m,1h,2h,3h",standard_research,generic_altcoin,
TENCENTUSDT,TENCENT,altcoin,False,16.773,9.414,31973.42,,,,,,,,,,,altcoin_discovery,aster_v2_prod,"30m,1h,2h,3h",standard_research,generic_altcoin,
GPSUSDT,GPS,altcoin,False,16.723,10.261,14381.33,,,,,,,,,,,altcoin_discovery,aster_v2_prod,"30m,1h,2h,3h",standard_research,generic_altcoin,
OPNUSDT,OPN,altcoin,False,16.341,-10.972,13138.33,,,,,,,,,,,altcoin_discovery,aster_v2_prod,"30m,1h,2h,3h",standard_research,generic_altcoin,
IPUSDT,IP,altcoin,False,16.224,-7.592,1342.89,,,,,,,,,,,altcoin_discovery,aster_v2_prod,"30m,1h,2h,3h",standard_research,generic_altcoin,
PUNDIAIUSDT,PUNDIAI,altcoin,False,15.894,-9.387,11449.37,,,,,,,,,,,altcoin_discovery,aster_v2_prod,"30m,1h,2h,3h",standard_research,generic_altcoin,
COAIUSDT,COAI,altcoin,False,15.36,-8.694,27661.97,,,,,,,,,,,altcoin_discovery,aster_v2_prod,"30m,1h,2h,3h",standard_research,generic_altcoin,
TROLLUSDT,TROLL,altcoin,False,15.073,-7.303,28229.49,,,,,,,,,,,altcoin_discovery,aster_v2_prod,"30m,1h,2h,3h",standard_research,generic_altcoin,
BAYUSDT,BAY,altcoin,False,15.034,-14.137,161.45,,,,,,,,,,,altcoin_discovery,aster_v2_prod,"30m,1h,2h,3h",standard_research,generic_altcoin,
LIGHTUSDT,LIGHT,altcoin,False,12.772,8.571,5642.74,,,,,,,,,,,altcoin_discovery,aster_v2_prod,"30m,1h,2h,3h",standard_research,generic_altcoin,
RAILUSDT,RAIL,altcoin,False,12.542,-9.326,4799.22,,,,,,,,,,,altcoin_discovery,aster_v2_prod,"30m,1h,2h,3h",standard_research,generic_altcoin,
AIOUSDT,AIO,altcoin,False,10.932,6.836,8346.43,,,,,,,,,,,altcoin_discovery,aster_v2_prod,"30m,1h,2h,3h",standard_research,generic_altcoin,
CHILLGUYUSDT,CHILLGUY,altcoin,False,10.895,-10.889,808.5,,,,,,,,,,,altcoin_discovery,aster_v2_prod,"30m,1h,2h,3h",standard_research,generic_altcoin,
ACUUSDT,ACU,altcoin,False,10.801,-8.698,6275.08,,,,,,,,,,,altcoin_discovery,aster_v2_prod,"30m,1h,2h,3h",standard_research,generic_altcoin,
EVAAUSDT,EVAA,altcoin,False,10.197,-7.023,2894.57,,,,,,,,,,,altcoin_discovery,aster_v2_prod,"30m,1h,2h,3h",standard_research,generic_altcoin,
CUSDT,C,altcoin,False,8.823,6.883,5335.59,,,,,,,,,,,altcoin_discovery,aster_v2_prod,"30m,1h,2h,3h",standard_research,generic_altcoin,
DUSDT,D,altcoin,False,8.568,-9.404,665.84,,,,,,,,,,,altcoin_discovery,aster_v2_prod,"30m,1h,2h,3h",standard_research,generic_altcoin,
SANDUSDT,SAND,altcoin,False,8.541,-9.657,631.46,,,,,,,,,,,altcoin_discovery,aster_v2_prod,"30m,1h,2h,3h",standard_research,generic_altcoin,
AVLUSDT,AVL,altcoin,False,7.457,-7.677,858.07,,,,,,,,,,,altcoin_discovery,aster_v2_prod,"30m,1h,2h,3h",standard_research,generic_altcoin,
XNYUSDT,XNY,altcoin,False,4.983,-6.673,587.31,,,,,,,,,,,altcoin_discovery,aster_v2_prod,"30m,1h,2h,3h",standard_research,generic_altcoin,
GOOGLUSDT,GOOGL,equity_synthetic,False,,,,105.967,equities_explore_exchangeinfo,3h,long,1.960806,0.928571,20.201663,14,validate_mark_index_first,84.067,slow_trend_equity_synthetic,macro_equity_prod_mark_bbo,"2h,3h,4h,5h,6h",thin_market_and_session_gap_review,equity_synthetic_needs_mark_ws_gap_checks,
AMZNUSDT,AMZN,equity_synthetic,False,,,,104.165,macro_equity_progress,15m,long,2.610258,0.888889,22.6373,9,validate_mark_index_first,82.887,slow_trend_equity_synthetic,macro_equity_prod_mark_bbo,"2h,3h,4h,5h,6h",thin_market_and_session_gap_review,equity_synthetic_needs_mark_ws_gap_checks,
XAGUSDT,XAG,commodity,False,,,,103.049,macro_equity_exchangeinfo,15m,long,2.40709,0.875,47.064923,8,validate_mark_index_first,82.859,slow_trend_macro_commodity,macro_equity_prod_mark_bbo,"2h,3h,4h,5h,6h",avoid_low_tf_noise,commodity_needs_slow_timeframes,
MSFTUSDT,MSFT,equity_synthetic,False,,,,102.815,equities,4h,long,1.681283,0.875,168.637168,8,,,slow_trend_equity_synthetic,macro_equity_prod_mark_bbo,"2h,3h,4h,5h,6h",thin_market_and_session_gap_review,equity_synthetic_needs_mark_ws_gap_checks,
INJUSDT,INJ,altcoin,False,,,,99.815,core_prod_mark_bbo,15m,long,8.877457,0.928571,19.634932,14,reject_or_rework,76.905,altcoin_discovery,aster_v2_prod,"30m,1h,2h,3h",standard_research,generic_altcoin,aster_strategy:core_prod_mark_bbo:core:injusdt:long:15m:deep:mark_price:bbo_limit:runner_5_15:s75.0:v3000.0:slneg5.0:tp15.0:ta7.5:td3.0:h900:lev1p0_2p0_3p0_5p0_10p0_20p0
TIAUSDT,TIA,altcoin,False,,,,96.939,core,3h,long,4.918202,0.866667,17.235259,15,validate_mark_index_first,70.341,altcoin_discovery,aster_v2_prod,"30m,1h,2h,3h",standard_research,generic_altcoin,
INTCUSDT,INTC,equity_synthetic,False,,,,93.688,equities,2h,long,4.509054,0.888889,16.813104,9,reject_or_rework,71.673,slow_trend_equity_synthetic,macro_equity_prod_mark_bbo,"2h,3h,4h,5h,6h",thin_market_and_session_gap_review,equity_synthetic_needs_mark_ws_gap_checks,
CRCLUSDT,CRCL,equity_synthetic,False,,,,88.968,macro_equity,2h,long,3.36174,0.888889,15.943225,9,,,slow_trend_equity_synthetic,macro_equity_prod_mark_bbo,"2h,3h,4h,5h,6h",thin_market_and_session_gap_review,equity_synthetic_needs_mark_ws_gap_checks,
JUPUSDT,JUP,altcoin,False,,,,84.337,core_progress,3h,long,5.003437,0.888889,13.39066,9,,,altcoin_discovery,aster_v2_prod,"30m,1h,2h,3h",standard_research,generic_altcoin,
NVDAUSDT,NVDA,equity_synthetic,False,,,,72.817,macro_equity_prod_mark_bbo,1h,long,3.096081,0.875,12.08529,8,validate_mark_index_first,83.114,slow_trend_equity_synthetic,macro_equity_prod_mark_bbo,"2h,3h,4h,5h,6h",thin_market_and_session_gap_review,equity_synthetic_needs_mark_ws_gap_checks,aster_strategy:macro_equity_prod_mark_bbo:macro_equity:nvdausdt:long:1h:exploration:mark_price:bbo_limit:balanced_4_8:s65.0:v25000.0:slneg4.0:tp8.0:ta4.0:td2.0:h600:lev1p0_2p0_3p0_5p0_10p0_20p0
ARBUSDT,ARB,altcoin,False,,,,67.564,core_prod_mark_bbo,2h,long,3.361512,0.875,9.923944,8,,,altcoin_discovery,aster_v2_prod,"30m,1h,2h,3h",standard_research,generic_altcoin,aster_strategy:core_prod_mark_bbo:core:arbusdt:long:2h:deep:mark_price:bbo_limit:mid_5_10:s60.0:v5000.0:slneg5.0:tp10.0:ta5.0:td2.5:h600:lev1p0_2p0_3p0_5p0_10p0_20p0
DRAMUSDT,DRAM,equity_synthetic,False,,,,60.193,macro_equity_deep_mark_bbo_night,1h,long,3.835188,0.909091,11.441349,11,,,slow_trend_equity_synthetic,macro_equity_prod_mark_bbo,"2h,3h,4h,5h,6h",thin_market_and_session_gap_review,equity_synthetic_needs_mark_ws_gap_checks,
AMDUSDT,AMD,equity_synthetic,False,,,,57.024,equities_explore_exchangeinfo,2h,long,1.293734,0.875,11.612257,8,,,slow_trend_equity_synthetic,macro_equity_prod_mark_bbo,"2h,3h,4h,5h,6h",thin_market_and_session_gap_review,equity_synthetic_needs_mark_ws_gap_checks,
AAPLUSDT,AAPL,equity_synthetic,False,,,,46.593,equities,3h,long,1.154025,0.875,6.113825,8,,,slow_trend_equity_synthetic,macro_equity_prod_mark_bbo,"2h,3h,4h,5h,6h",thin_market_and_session_gap_review,equity_synthetic_needs_mark_ws_gap_checks,
SEIUSDT,SEI,altcoin,False,,,,43.455,core,30m,long,2.741814,0.875,5.343776,8,,,altcoin_discovery,aster_v2_prod,"30m,1h,2h,3h",standard_research,generic_altcoin,
MSTRUSDT,MSTR,equity_synthetic,False,,,,36.335,macro_equity_exchangeinfo,3h,long,1.508553,0.75,3.244539,8,,,slow_trend_equity_synthetic,macro_equity_prod_mark_bbo,"2h,3h,4h,5h,6h",thin_market_and_session_gap_review,equity_synthetic_needs_mark_ws_gap_checks,
TSLAUSDT,TSLA,equity_synthetic,False,,,,35.431,macro_equity_progress,2h,long,1.724723,0.75,3.902862,8,,,slow_trend_equity_synthetic,macro_equity_prod_mark_bbo,"2h,3h,4h,5h,6h",thin_market_and_session_gap_review,equity_synthetic_needs_mark_ws_gap_checks,
ORDIUSDT,ORDI,altcoin,False,,,,31.373,core,15m,long,4.398583,0.551724,2.223865,29,,,altcoin_discovery,aster_v2_prod,"30m,1h,2h,3h",standard_research,generic_altcoin,
APTUSDT,APT,altcoin,False,,,,31.247,core,2h,long,0.84179,0.75,3.134141,8,,,altcoin_discovery,aster_v2_prod,"30m,1h,2h,3h",standard_research,generic_altcoin,
OPUSDT,OP,altcoin,False,,,,30.862,core_prod_mark_bbo,15m,long,2.468113,0.625,2.839472,8,,,altcoin_discovery,aster_v2_prod,"30m,1h,2h,3h",standard_research,generic_altcoin,aster_strategy:core_prod_mark_bbo:core:opusdt:long:15m:deep:mark_price:bbo_limit:wide_8_16:s55.0:v10000.0:slneg8.0:tp16.0:ta8.0:td4.0:h800:lev1p0_2p0_3p0_5p0_10p0_20p0
METAUSDT,META,equity_synthetic,False,,,,13.407,aster_v2_prod,30m,long,1.139023,0.666667,2.814097,12,,,slow_trend_equity_synthetic,macro_equity_prod_mark_bbo,"2h,3h,4h,5h,6h",thin_market_and_session_gap_review,equity_synthetic_needs_mark_ws_gap_checks,aster_strategy:aster_v2_prod:aster_v2:metausdt:long:30m:exploration:last_price:taker_market:scalp_2p5_5:s60.0:v25000.0:slneg2.5:tp5.0:ta2.5:td1.25:h360:lev1p0_2p0_3p0_5p0_10p0_20p0
BABYUSDT,BABY,altcoin,False,0.0,-6.772,38.06,,,,,,,,,,,altcoin_discovery,aster_v2_prod,"30m,1h,2h,3h",standard_research,generic_altcoin,
BROCCOLI714USDT,BROCCOLI714,altcoin,False,0.0,-6.962,29.01,,,,,,,,,,,altcoin_discovery,aster_v2_prod,"30m,1h,2h,3h",standard_research,generic_altcoin,
