timestamp,mode,lanes_count,symbols,rows_inserted,deduped_rows,would_insert_rows,closed_in_cycle,cycle_realized_pnl_usd,cycle_win_rate,open_positions_count,open_unrealized_pnl_usd,ledger_total_entries,ledger_total_exits,ledger_win_rate,ledger_profit_factor,ledger_net_pnl_usd,ledger_max_drawdown_usd,failed_lanes_count,health_status
2026-05-31T18:21:27.676052+00:00,dry_run,2,LABUSDT,0,0,2,0,0.0,,566,-512.7188,102,84,0.571429,1.410142,49.680132,6.714803,0,active
2026-05-31T18:21:48.958743+00:00,dry_run,2,LABUSDT,0,0,2,0,0.0,,2,-1.05299,102,84,0.571429,1.410142,49.680132,6.714803,0,active
2026-05-31T18:37:19.123351+00:00,persist,2,LABUSDT,6,0,0,2,-1.511786,,2,0.992528,106,86,0.55814,1.392759,48.168346,6.714803,0,active
2026-05-31T18:42:19.940877+00:00,persist,2,LABUSDT,4,0,0,1,-1.378131,,2,1.592017,109,87,0.551724,1.377283,46.790215,6.714803,0,active
2026-05-31T18:47:20.773285+00:00,persist,2,LABUSDT,2,4,0,2,-1.695049,,2,0.188635,110,88,0.545455,1.373772,46.473297,6.714803,0,active
2026-05-31T18:52:21.544143+00:00,persist,2,LABUSDT,0,6,0,2,-1.695049,,2,0.69768,110,88,0.545455,1.373772,46.473297,6.714803,0,active
2026-05-31T18:57:22.437429+00:00,persist,2,LABUSDT,5,1,0,2,-0.72707,,2,0.32567,113,90,0.533333,1.365786,45.746227,6.714803,0,active
2026-05-31T19:02:23.300383+00:00,persist,2,LABUSDT,4,1,0,2,1.637429,,2,1.386224,115,92,0.543478,1.378878,47.383656,6.714803,0,active
2026-05-31T19:07:24.046387+00:00,persist,2,LABUSDT,4,1,0,2,2.512438,,2,0.922375,117,94,0.553191,1.398968,49.896094,6.714803,0,active
2026-05-31T19:12:25.492540+00:00,persist,2,LABUSDT,3,1,0,2,-0.491969,,2,-0.386258,118,96,0.541667,1.393486,49.404125,6.714803,0,active
2026-05-31T19:17:26.471026+00:00,persist,2,LABUSDT,2,0,0,0,0.0,,2,0.010796,120,96,0.541667,1.393486,49.404125,6.714803,0,active
2026-05-31T19:22:27.243589+00:00,persist,2,LABUSDT,0,2,0,0,0.0,,2,3.050822,120,96,0.541667,1.393486,49.404125,6.714803,0,active
2026-05-31T19:27:28.073159+00:00,persist,2,LABUSDT,4,2,0,2,2.988646,,2,-0.425835,122,98,0.55102,1.41729,52.392771,6.714803,0,active
2026-05-31T19:32:28.938496+00:00,persist,2,LABUSDT,5,0,0,2,1.260021,,2,1.192123,125,100,0.56,1.427325,53.652792,6.714803,0,active
2026-05-31T19:37:30.166862+00:00,persist,2,LABUSDT,4,0,0,2,-0.69407,,2,-0.46543,127,102,0.54902,1.419478,52.958722,6.714803,0,active
2026-05-31T19:42:30.961585+00:00,persist,2,LABUSDT,2,0,0,0,0.0,,2,1.330972,129,102,0.54902,1.419478,52.958722,6.714803,0,active
2026-05-31T19:47:31.788699+00:00,persist,2,LABUSDT,5,0,0,2,-0.204155,,2,0.385557,132,104,0.548077,1.41587,52.754567,6.714803,0,active
2026-05-31T19:52:32.556226+00:00,persist,2,LABUSDT,2,1,0,1,-0.585394,,2,-0.507258,133,105,0.542857,1.409367,52.169173,6.714803,0,active
2026-05-31T19:57:33.379758+00:00,persist,2,LABUSDT,3,0,0,1,-0.246189,,2,-0.179877,135,106,0.537736,1.406649,51.922984,6.714803,0,active
2026-05-31T20:02:34.120094+00:00,persist,2,LABUSDT,6,0,0,2,-3.603191,,2,-0.594739,139,108,0.527778,1.368044,48.319793,6.714803,0,active
2026-05-31T20:07:34.871006+00:00,persist,2,LABUSDT,5,1,0,2,-3.62594,,2,0.231814,142,110,0.518182,1.331276,44.693853,6.714803,0,active
2026-05-31T20:12:35.833156+00:00,persist,2,LABUSDT,6,0,0,2,-2.300852,,2,2.27061,146,112,0.508929,1.308953,42.393001,6.714803,0,active
2026-05-31T20:17:36.597320+00:00,persist,2,LABUSDT,6,0,0,2,1.134426,,2,-0.024773,150,114,0.517544,1.317221,43.527427,6.714803,0,active
2026-05-31T20:22:37.425318+00:00,persist,2,LABUSDT,5,1,0,2,2.694379,,2,-0.373145,153,116,0.525862,1.336857,46.221806,6.714803,0,active
2026-05-31T20:27:38.230696+00:00,persist,2,LABUSDT,6,0,0,2,-0.62406,,2,0.28112,157,118,0.516949,1.330804,45.597746,6.714803,0,active
2026-05-31T20:32:39.080369+00:00,persist,2,LABUSDT,5,1,0,2,2.056689,,2,-1.394305,160,120,0.525,1.345725,47.654435,6.714803,0,active
2026-05-31T20:37:40.116155+00:00,persist,2,LABUSDT,5,1,0,2,0.25557,,2,-0.838301,167,124,0.532258,1.365277,50.450638,6.714803,0,active
2026-05-31T20:42:40.856072+00:00,persist,2,LABUSDT,0,6,0,2,0.25557,,2,0.136456,169,126,0.531746,1.366393,50.706208,6.714803,0,active
2026-05-31T20:45:37.139726+00:00,dry_run,2,LABUSDT,0,0,6,2,-0.276677,,2,1.057586,169,126,0.531746,1.366393,50.706208,6.714803,0,active
2026-05-31T20:47:42.287947+00:00,persist,2,LABUSDT,5,1,0,2,1.248834,,2,-0.332928,174,130,0.538462,1.372499,51.663447,6.714803,0,active
2026-05-31T20:52:43.492239+00:00,persist,2,LABUSDT,2,2,0,2,-2.604404,,2,-2.532176,176,134,0.537313,1.352863,49.859048,6.714803,0,active
2026-05-31T20:57:44.522612+00:00,persist,2,LABUSDT,0,4,0,2,-2.604404,,2,-2.532176,178,136,0.536765,1.349609,49.535303,6.714803,0,active
2026-05-31T21:02:45.559290+00:00,persist,2,LABUSDT,3,1,0,2,-1.135302,,2,-0.843791,180,140,0.521429,1.328322,47.264699,6.714803,0,active
2026-05-31T21:07:46.373145+00:00,persist,2,LABUSDT,3,1,0,2,-0.816599,,2,-0.603057,183,144,0.506944,1.305196,44.713946,6.714803,0,active
2026-05-31T21:12:47.231243+00:00,persist,2,LABUSDT,6,0,0,2,0.593365,,2,1.325079,189,148,0.513514,1.309912,45.445779,6.714803,0,active
2026-05-31T21:17:48.061079+00:00,persist,2,LABUSDT,5,1,0,2,1.160562,,2,4.453008,193,152,0.519737,1.318725,46.795822,6.714803,0,active
