sym,t_in,side,entry,stop,dist_bps,R,alpha,risk_usd
1000FLOKIUSDT,1725825600000,-1,0.122215552,0.12575862,289.90320315371827,-1.0305025755294,A4,2.517370446368176
1000FLOKIUSDT,1742112000000,-1,0.062417514,0.0640233,257.26529255875283,0.713130677071459,A4,2.4542292638470182
1000FLOKIUSDT,1786924800000,-1,0.020055988,0.020782485,362.23446085029536,-1.051779171660239,A3,2.4795627214209097
1000PEPEUSDT,1725364800000,-1,0.007560587580000001,0.0077849523,296.75566564893774,1.4630840881036815,A4,2.516966618697671
1000PEPEUSDT,1756396800000,-1,0.0100874821,0.01030684815,217.46363247574047,1.731530491114843,A4,2.6161285357057444
1000PEPEUSDT,1760918400000,-1,0.0069892018799999995,0.0071583669,242.03767884295337,-1.0461012778174874,A4,2.7294832194448686
1000PEPEUSDT,1760976000000,-1,0.0071651666800000005,0.0073440144,249.6072010428094,0.7112511525866775,A4,2.6612074298350716
1000PEPEUSDT,1774972800000,-1,0.00333023382,0.0034060797,227.74941370333008,-1.0489527390436106,A4,2.7050067663846837
1000SHIBUSDT,1741276800000,-1,0.013532293,0.013868370000000001,248.3518499045214,0.715616015129911,A4,2.5127628076681394
1000SHIBUSDT,1759147200000,-1,0.011792641,0.012068091000000001,233.57787284460008,-1.0445148117923015,A4,2.566938020432809
1000SHIBUSDT,1760976000000,-1,0.0101599676,0.0103631445,199.97790150433084,0.7028362248806743,A4,2.515467375086908
1000SHIBUSDT,1762099200000,-1,0.010046990200000001,0.010291896,243.76036516886285,1.876922181950576,A4,2.553504865566881
1000SHIBUSDT,1769587200000,-1,0.0077464503999999995,0.0079246395,230.02677458568758,-0.7416374569488204,A4,2.665118381355645
1000SHIBUSDT,1779926400000,-1,0.005428914,0.005687838000000001,476.9351660387338,-0.31941409907926516,A3,2.5203046278198715
1000SHIBUSDT,1780963200000,-1,0.0047160566,0.0048238245,228.51273667919887,0.6974639610213547,A4,2.640137841994979
AAVEUSDT,1705881600000,-1,96.400716,98.92503,261.8563538469988,1.8444329863513418,A4,2.5192452784996573
AAVEUSDT,1714723200000,-1,84.663064,86.72247,243.24727959290436,-1.0458752617610612,A4,2.6639430110497395
AAVEUSDT,1726344000000,1,139.76794800000002,136.91910000000001,203.8269890032301,1.4736404694336063,A4,2.5717401692143627
AAVEUSDT,1742054400000,-1,173.275338,177.90048000000002,266.92442521739656,0.7140014334932385,A4,2.661199899070459
AAVEUSDT,1757433600000,-1,296.230742,311.02479,499.4096122542195,-0.5184147952541429,A3,2.508351763572074
AAVEUSDT,1759147200000,-1,271.135762,277.96950000000004,252.04118960891773,-1.0442973209032915,A4,2.710269561072603
AAVEUSDT,1763942400000,-1,167.32652800000002,172.050075,282.29516601216795,-1.0396195847859124,A4,2.6310747146014055
AAVEUSDT,1766793600000,-1,154.20915200000002,157.820445,234.1814965690226,-1.0327063535110692,A4,2.5644220093599093
AAVEUSDT,1770566400000,-1,113.07737999999999,116.13505500000001,270.405539993942,1.3550628052430198,A4,2.5019188642722736
AAVEUSDT,1775044800000,-1,99.040188,101.27322000000001,225.46726183516617,1.8253140959850782,A4,2.6029167858101148
ADAUSDT,1705852800000,-1,0.51409716,0.5224221,161.9332034434881,2.1672848559308067,A4,2.5008531500462468
ADAUSDT,1714320000000,-1,0.46700658,0.47957265000000004,269.076936774639,1.5024289937741082,A4,2.655241404048663
ADAUSDT,1714723200000,-1,0.45080982,0.4644198,301.9006995011769,-1.0370888926201223,A4,2.7739969597677963
ADAUSDT,1716825600000,1,0.47249448,0.45300890000000005,412.3980453697564,-0.6086722123744838,A3,2.4992919845467956
ADAUSDT,1742097600000,-1,0.7417516200000001,0.7618572,271.0554241863328,1.3302823412549425,A4,2.683113773897387
ADAUSDT,1760976000000,-1,0.6637672200000001,0.6778642500000001,212.37912290998574,0.7100772671069774,A4,2.7787175116072564
ADAUSDT,1764244800000,-1,0.429914,0.44023545000000003,240.08173727768832,1.3435305523264667,A4,2.825414170483629
ADAUSDT,1766275200000,-1,0.37272544,0.3815307,236.2398445354302,0.7171842852857494,A4,2.921511499994574
ADAUSDT,1769515200000,-1,0.35022994,0.35975475,271.9587594367287,-1.0382491654350596,A4,2.9710080005262425
ADAUSDT,1780963200000,-1,0.17026594,0.1750104,278.64997544429644,1.348656466640325,A4,2.832669176879259
APTUSDT,1714320000000,-1,9.061187400000001,9.2633085,223.06248737334292,-1.036195819203261,A4,2.5226226046323443
APTUSDT,1719360000000,-1,6.943611000000001,7.12485,261.0154860345715,-0.8010015768681059,A4,2.4534547901241184
APTUSDT,1745020800000,-1,4.69446092,4.81750245,262.0993807314516,-1.0485524114883866,A4,2.4058383895392437
APTUSDT,1759032000000,-1,4.17096564,4.28163345,265.3289898595276,-0.5580575274418107,A4,2.3400977501403157
APTUSDT,1769486400000,-1,1.55078978,1.5961671000000002,292.60780916418133,-1.0461598069484697,A4,2.3106964313855753
APTUSDT,1771704000000,-1,0.89312134,0.9117801,208.9162935016198,2.134468169771867,A4,2.263172777314286
APTUSDT,1781380800000,-1,0.66966604,0.6869961,258.78660354346226,-1.060000234716383,A4,2.368448005744566
APTUSDT,1784102400000,-1,0.6133773,0.6305994,280.7749814021487,-1.039830575188043,A4,2.2903951129474063
APTUSDT,1785715200000,-1,0.56258746,0.5733999000000001,192.19127280227744,-1.0575094567915317,A4,2.2725062588643743
ARBUSDT,1714809600000,-1,1.05948806,1.0813716,206.54824557437598,-1.0539107699414285,A4,2.5244490485243385
ARBUSDT,1714867200000,-1,1.06058784,1.0900017000000002,277.33544446446075,-1.0379139040286818,A4,2.459589242270726
ARBUSDT,1725336000000,-1,0.51399718,0.52392735,193.19502881319232,1.4458282255432235,A4,2.394458301593786
ARBUSDT,1741996800000,-1,0.35862826000000003,0.36778275,255.26404416651263,-1.0411999479979186,A4,2.4756151219260145
ARBUSDT,1759032000000,-1,0.41871624,0.43100325,293.4447921102842,-1.033994363379901,A4,2.4081910095686614
ARBUSDT,1760976000000,-1,0.32273544,0.32975010000000005,217.35016148211244,0.711947316107298,A4,2.3854852296361875
ARBUSDT,1764043200000,-1,0.21615676,0.22227525,283.05799920391127,-1.0316767755234546,A4,2.388863923401008
ARBUSDT,1769616000000,-1,0.16876624,0.17370585000000002,292.68946206302934,4.0017299777765825,A4,2.279796201329935
ATOMUSDT,1714305600000,-1,8.303339,8.544802500000001,290.80289266763873,1.3503534016678407,A4,2.5173163332325594
ATOMUSDT,1759147200000,-1,4.1001798,4.1996475,242.5935077286121,-1.0446587819289548,A4,2.606474375355443
ATOMUSDT,1760976000000,-1,3.2713456,3.3346305000000003,193.45219899725728,0.6834965821538475,A4,2.5432078996020304
ATOMUSDT,1766260800000,-1,1.9706058000000002,2.009007,194.8700242331561,0.6917039272923509,A4,2.586922148688192
ATOMUSDT,1770148800000,-1,1.9766046000000002,2.035098,295.92868497826987,-1.1558971755787786,A4,2.668766457355517
ATOMUSDT,1783008000000,-1,1.5416916,1.58553,284.3525903624308,-1.0440446646707,A4,2.545890880613096
ATOMUSDT,1785729600000,-1,1.2567485999999999,1.2774555,164.76565002738172,-1.0693932049700767,A4,2.4917825605750017
AVAXUSDT,1714723200000,-1,33.5212944,34.467214500000004,282.18483711058667,-1.0396348211168212,A4,2.5124987449725893
AVAXUSDT,1739217600000,-1,25.4319126,26.079961500000003,254.81720946147115,-1.041290362905536,A4,2.453962393644915
AVAXUSDT,1782072000000,-1,6.257748200000001,6.392295000000001,215.00833159122607,-1.0530917748066095,A4,2.393080590766851
BCHUSDT,1705852800000,-1,240.38191400000002,243.8505,144.29479915032158,1.3298993847714697,A4,2.5425788007623327
BCHUSDT,1717516800000,1,474.814944,451.07569000000007,499.9685519586333,0.7164272807318416,A3,2.511100810643514
BCHUSDT,1725350400000,-1,321.18575,327.22128,187.9140030340697,1.409459723227312,A4,2.612343518118451
BCHUSDT,1739217600000,-1,329.294128,335.560365,190.29300759350286,-1.057379034065074,A4,2.7093896375952844
BCHUSDT,1739289600000,-1,336.862614,345.43480500000004,254.47142674016155,0.7182240983789784,A4,2.628693577551356
BCHUSDT,1743537600000,-1,310.53788000000003,319.745205,296.4960345578442,1.3397871329088735,A4,2.6701778171981267
BCHUSDT,1759147200000,-1,552.5594659999999,561.608775,163.7707714159422,-1.0678226379759803,A4,2.7755011341639184
BCHUSDT,1761004800000,-1,478.37430600000005,487.72107,195.38599550118713,0.7018424620656137,A4,2.695098778285727
BCHUSDT,1775376000000,-1,435.342914,457.15446000000003,501.01989256221174,-0.18666822155109777,A3,2.556354189825482
BNBUSDT,1707062400000,1,306.021192,296.3591,315.7327744805325,-0.5731921708466433,A3,2.513316130643321
BNBUSDT,1708329600000,1,354.84095399999995,348.027625,192.0107846401505,-1.1071019142277938,A4,2.5263089786610697
BNBUSDT,1719158400000,-1,584.98298,595.0755,172.5267288973097,1.3319195759862679,A4,2.458584575863322
BNBUSDT,1719561600000,-1,576.514674,587.3786550000001,188.4424020749224,-1.0590281401568133,A4,2.5388953915657813
BNBUSDT,1729497600000,1,609.4218599999999,589.738665,322.9814401472234,-0.7165215402682301,A3,2.4793343998037027
BNBUSDT,1740931200000,-1,612.92739,620.84538,129.18316474648051,-1.7928375389587519,A4,2.4768222231750796
BNBUSDT,1741276800000,-1,599.9899780000001,613.9613700000001,232.86042287859743,0.7129863514960445,A4,2.3539329358300596
BNBUSDT,1749600000000,1,673.8047339999999,643.9482650000001,443.1026897474994,-0.36840215136290955,A3,2.431358658459812
BNBUSDT,1752177600000,1,676.215216,654.20225,325.5319531289577,0.5933155645495466,A3,2.4119951439775758
BNBUSDT,1758052800000,1,955.6110839999999,907.8115,500.1991374976545,1.763137578672606,A3,2.442721213598504
BNBUSDT,1762603200000,-1,989.082144,1011.0162150000001,221.76187420890423,-1.0502569037917917,A4,2.3972941593359463
BNBUSDT,1763539200000,-1,931.433676,945.1464750000001,147.22249531377403,2.729962872709353,A4,2.344582271596441
BNBUSDT,1764057600000,-1,856.238718,880.0695000000001,278.3193693420451,-1.040176264646075,A4,2.491695048115829
BNBUSDT,1769198400000,-1,894.261112,908.95023,164.25983197623393,1.3598187486340685,A4,2.4342764166313224
BNBUSDT,1775361600000,-1,593.63125,598.979115,90.08732272770268,-1.122763831056012,A4,2.5472621806481115
BNBUSDT,1777881600000,1,628.965768,611.851,272.1096897597776,0.9404755440622988,A3,2.557929903089565
BNBUSDT,1780905600000,-1,596.48068,613.3291650000001,282.464890564437,-1.036648975956882,A4,2.436455401320237
BTCUSDT,1702742400000,1,42640.126319999996,41492.36665,269.17360923990634,-1.0511913882228483,A1,2.5184895842818933
BTCUSDT,1703016000000,1,42388.175939999994,41444.435000000005,222.64249854389672,0.6067703585937639,A1,2.4577108198033337
BTCUSDT,1703462400000,-1,42999.79832,44639.694,381.37287709957826,-0.4195759737924283,A3,2.513182295772558
BTCUSDT,1704531600000,1,43704.839219999994,42849.5,195.70812643753607,1.727812857092948,A1,2.496604738218532
BTCUSDT,1705881600000,-1,41571.58402,42027.48315000001,109.66604731267232,1.5023028498984519,A4,2.547018418458873
BTCUSDT,1706713200000,1,42872.67282,42192.8065,158.57801141869678,-1.081346094098929,A1,2.6122616522933173
BTCUSDT,1706889600000,1,43231.54458,42201.775,238.19865563544946,-1.067378831473395,A1,2.5295537378034574
BTCUSDT,1708408800000,1,51951.68826,51150.843250000005,154.15187394720428,-1.0908517207975204,A1,2.4728966401099868
BTCUSDT,1708585200000,1,51809.45982,50351.5506,281.39826685419285,3.3493760291462045,A1,2.3903658708382642
BTCUSDT,1713488400000,-1,62679.56158,64324.350000000006,262.4122406951916,0.7171698838259858,A1,2.5933049966005393
BTCUSDT,1713596400000,-1,64004.59652000001,65709.18000000001,266.32204133454024,-0.4658536329185778,A1,2.6397044349094196
BTCUSDT,1714280400000,-1,63800.2374,64575.225000000006,121.47095866449042,1.3199035500195866,A1,2.632643760614065
BTCUSDT,1714453200000,-1,63372.02306,64926.450000000004,245.2859897700108,1.8525623615262343,A1,2.6979894825513044
BTCUSDT,1715274000000,-1,61820.033520000005,62963.503650000006,184.9675687461519,-1.0601248404904344,A1,2.831489334063355
BTCUSDT,1715540400000,-1,61332.03114000001,62065.8729,119.65065339592071,-1.0842174031177487,A1,2.7724226918566734
BTCUSDT,1717970400000,1,69788.15483999999,68917.94,124.69377389258771,-1.1195789054383485,A1,2.694441669528127
BTCUSDT,1718092800000,-1,67568.58358,70468.47945,429.1781352152466,-0.764882929755336,A3,2.4851357521856063
BTCUSDT,1718672400000,-1,65716.95398,67516.08210000001,273.7692499484299,1.9149821157457285,A1,2.5944651959213587
BTCUSDT,1719201600000,-1,62827.432,65392.17435,408.2201465754642,0.9672047632690087,A3,2.438160053033531
BTCUSDT,1719500400000,-1,61708.85576,62598.02895,144.09166707906584,0.7314194310668996,A1,2.7333597039433797
BTCUSDT,1719792000000,1,62778.65322,59827.867000000006,470.0301883921164,-0.3163717834154036,A3,2.49577437066391
BTCUSDT,1720353600000,-1,57425.41262,58676.652,217.88948880172612,1.3499244681328013,A4,2.6197108704197527
BTCUSDT,1720512000000,-1,57091.0795,58403.700000000004,229.91691723047634,-1.039700589094865,A1,2.7738312260120037
BTCUSDT,1721764800000,-1,65503.09676,68699.30895,487.9482571199288,-0.0927112079852225,A3,2.47540321767845
BTCUSDT,1721811600000,1,66425.7825,65187.542250000006,186.40958426044816,-1.0636978306178426,A1,2.706411443529132
BTCUSDT,1722146400000,1,67409.87928,66391.31425000001,151.1002602109961,1.30837162550368,A1,2.6403100458595365
BTCUSDT,1723514400000,-1,59694.15878,60878.331000000006,198.3732151020368,-1.0578037311226458,A1,2.7194137629128257
BTCUSDT,1725372000000,-1,58359.72572,59999.26500000001,280.93676928267865,0.721656820213752,A1,2.638865930317099
BTCUSDT,1726657200000,1,59895.07662,58644.025,208.87386586667301,2.3494813890406077,A1,2.6932527524890726
BTCUSDT,1727064000000,1,64332.96402,62101.880000000005,346.8026157331084,-0.5752893799651683,A3,2.4738588394865686
BTCUSDT,1727668800000,-1,64526.992020000005,66682.575,334.0591142590179,1.366611598711458,A3,2.4386182476167453
BTCUSDT,1728396000000,1,63020.30153999999,61724.2065,205.6630971810474,-1.0639834189778368,A1,2.8536234692491482
BTCUSDT,1729526400000,-1,67340.72916,69809.481,366.6060452262553,0.017827734362720424,A3,2.5211906043932517
BTCUSDT,1729976400000,1,67252.54782,65327.7498,286.2044758737899,1.7737498965145215,A1,2.7693215295347544
BTCUSDT,1733140800000,-1,95172.36172,99058.79655000001,408.3575062930584,-0.5216076688531511,A3,2.520738537388436
BTCUSDT,1737342000000,1,101938.18356,99152.74650000001,273.2476646849912,1.3454928185401829,A1,2.894267133840404
BTCUSDT,1738944000000,-1,98237.44858000001,100462.7934,226.5271393106028,0.7202932845624439,A1,2.9965929397709843
BTCUSDT,1739487600000,-1,96347.52664000001,98396.98830000001,212.71554459905963,-1.0451433939813,A1,3.052800345837055
BTCUSDT,1739808000000,-1,95586.3789,97587.96660000001,209.40093379769388,-1.0250023215050665,A1,2.9727244638722135
BTCUSDT,1739808000000,-1,95586.3789,99138.5748,371.62155747276734,-0.2446326460829477,A3,2.488982201813718
BTCUSDT,1741136400000,-1,86749.74658,89242.25850000001,287.32209813448014,-1.037981412835638,A1,2.88837528059499
BTCUSDT,1741748400000,-1,82376.12148,84034.89630000001,201.36597720284,-1.052392751887605,A1,2.818821416955419
BTCUSDT,1741788000000,-1,82633.37002,84782.7045,260.10490428743196,-1.034495389929908,A1,2.7401086858706236
BTCUSDT,1741867200000,-1,82922.71214,84782.7045,224.30433255243062,0.7153096938384494,A4,2.708516563627056
BTCUSDT,1743148800000,-1,85158.06498000001,88809.75,428.81258761077,0.47255562127891515,A3,2.4718934342245547
BTCUSDT,1743444000000,-1,82611.07448000001,84189.43530000001,191.05922903618935,-1.0540643800719636,A1,2.67618930941928
BTCUSDT,1743508800000,-1,83863.224,84770.4618,108.18064900533786,-1.1023401806136843,A1,2.6259146896748806
BTCUSDT,1743764400000,-1,82517.9931,84982.6017,298.67529582466204,1.7519096366003781,A1,2.5220707158014033
BTCUSDT,1745208000000,1,87184.03332,83606.35,410.359922999717,1.638214408333103,A3,2.5017553338384846
BTCUSDT,1745762400000,1,94031.20247999999,93219.88445000001,86.28178823646799,-1.125855665911805,A1,2.6778009364288664
BTCUSDT,1745809200000,1,93582.2127,92375.55,128.94145855134292,0.6824912293896023,A1,2.5806052642925645
BTCUSDT,1745812800000,1,93818.76,92375.55,153.8295752363378,1.322572541991013,A4,2.768687282758067
BTCUSDT,1746046800000,1,94534.80317999999,92523.13165000001,212.79692370751894,0.7152295475953718,A1,2.6089182273886213
BTCUSDT,1747080000000,-1,101792.53742,106233.62085,436.28772231857516,-0.4485646204991468,A3,2.603905480979728
BTCUSDT,1747328400000,1,103819.65977999999,100916.35220000001,279.6491132943664,1.8210278680057628,A1,2.6500007907210055
BTCUSDT,1748008800000,1,109625.32067999999,106874.625,250.91791412217287,-1.0460599720957668,A1,2.773800188247266
BTCUSDT,1748059200000,1,108328.36133999999,106348.37335,182.776510740857,-1.1146981517377255,A1,2.7086525805202237
BTCUSDT,1750122000000,1,107227.94129999999,104552.78,249.4836017149191,-1.0441743168925188,A1,2.624710036202337
BTCUSDT,1750176000000,-1,104178.36016,109281.15000000001,489.81283945754245,-0.3289653896867138,A3,2.5733341049673637
BTCUSDT,1750449600000,-1,103243.14724,106858.9017,350.21738068433535,0.014510615487427849,A3,2.5563333108129807
BTCUSDT,1750690800000,-1,101564.98294,102955.58775,136.9177417005535,-1.0830445224962153,A1,2.5729329018751366
BTCUSDT,1751385600000,-1,105887.11834,109164.64365,309.5301261741747,-0.3818105795521703,A3,2.5591273581391545
BTCUSDT,1751698800000,1,108249.74562,106824.8,131.6350086403093,2.8355576995912943,A1,2.503699836904088
BTCUSDT,1751702400000,1,108022.40016,106824.8,110.86590912867584,2.96150751091806,A4,2.8756767395554235
BTCUSDT,1752832800000,1,118908.777,117001.8552,160.36846464243735,-1.0741155905622515,A1,2.6763471422278053
BTCUSDT,1754568000000,1,116492.39382,112188.3616,369.46894804569257,0.39364651387855976,A3,2.531863620288004
BTCUSDT,1755489600000,-1,115241.74704,119601.144,378.28279004542225,-0.256652787227936,A3,2.556655941272139
BTCUSDT,1756411200000,-1,111842.42704000001,113826.00150000001,177.35438263429188,0.9982821678007516,A4,3.0714473829674502
BTCUSDT,1756720800000,-1,109463.40294,110259.36180000001,72.71460950618363,1.288488595474814,A1,2.6438415379724316
BTCUSDT,1756810800000,-1,110180.65946,111087.45000000001,82.30033695970187,0.6450266818623008,A1,2.7224446873760475
BTCUSDT,1757937600000,1,115032.0018,114186.94200000001,73.46301783648418,1.2218698624121502,A1,2.7757268090968052
BTCUSDT,1758168000000,1,117554.80626,113938.31525,307.64297309982214,-0.3733471661117158,A3,2.5432740514052616
BTCUSDT,1758762000000,-1,112979.3996,114294.43530000001,116.39606022477105,1.613265795827714,A1,2.8338823633116768
BTCUSDT,1758772800000,-1,112463.20286,114294.43530000001,162.82947608024463,0.8058648083776322,A4,3.1525148761331403
BTCUSDT,1758830400000,-1,109298.63590000001,114294.43530000001,457.0779277218777,-0.21466326046597942,A3,2.5139372350582865
BTCUSDT,1759104000000,1,112142.12393999999,108186.019,352.77599540710025,1.9393812155651406,A3,2.5036984641547275
BTCUSDT,1759914000000,1,122357.16653999999,120094.194,184.94809940373995,-1.0708164161989948,A1,2.931077882298774
BTCUSDT,1760371200000,-1,114237.94784000001,116317.69200000001,182.05370451094424,1.6980829415971057,A4,3.212267660173116
BTCUSDT,1760922000000,-1,107989.49778,109782.79965,166.06261783468736,-1.0668955830762978,A1,2.855186057952991
BTCUSDT,1761217200000,-1,109361.82326,110661.86565,118.87533978920993,-1.0909329802218226,A1,2.791614165088853
BTCUSDT,1762099200000,-1,110044.18676,111605.25600000001,141.85840124427594,2.0008536787819198,A4,3.3606680449122046
BTCUSDT,1763622000000,-1,91919.81236,93476.02500000001,169.30111148455921,2.344874528786614,A1,2.7002325325860648
BTCUSDT,1763942400000,-1,86790.23848000001,88408.35,186.43934483171972,-1.0597990817131635,A1,2.8576312912299215
BTCUSDT,1763942400000,-1,86790.23848000001,88408.35,186.43934483171972,-1.0597990817131637,A4,3.5195791928919213
BTCUSDT,1764057600000,-1,87344.72756,89489.42055000001,245.5434975770861,-1.0443873031409276,A4,3.416178211419047
BTCUSDT,1765234800000,-1,90770.44228,92585.5191,199.963421396695,-1.0535452539852888,A1,2.778880317682577
BTCUSDT,1766448000000,-1,88563.7837,90916.0965,265.60662854787216,-0.9714014979401062,A1,2.6982103734781933
BTCUSDT,1767726000000,1,92024.80127999999,90889.7685,123.33987840369937,0.6759342845825629,A1,2.6554126782234317
BTCUSDT,1767830400000,1,91346.36562,90316.88065,112.70125122247754,-0.0874662428699601,A1,2.7055000295165708
BTCUSDT,1768334400000,1,94198.43592,89750.769,472.15931735610536,0.047379130306369414,A3,2.6219975336028916
BTCUSDT,1768716000000,1,95173.63092000001,94487.63175,72.07870114534556,-1.1743700623072826,A1,2.727379197853923
BTCUSDT,1768795200000,-1,92638.16866,96173.2323,381.5990418565348,1.3003776633966035,A3,2.627640249210931
BTCUSDT,1769198400000,-1,89920.31234,91514.18250000001,177.25362807608832,0.73102005372599,A1,2.600594197103962
BTCUSDT,1769641200000,-1,89329.23058,90909.77445,176.9346785747266,2.9448165929228813,A1,2.648718350966203
BTCUSDT,1771293600000,-1,68568.98346,70356.28815,260.6578951316409,0.7244539821780442,A1,2.8353732617763807
BTCUSDT,1772366400000,-1,66425.7122,68427.6615,301.38168394376777,-1.0347591764119801,A4,3.321196083460494
BTCUSDT,1774854000000,-1,67260.0453,68014.2195,112.12811359792654,-1.0984912990125453,A1,2.916773864918644
BTCUSDT,1774879200000,-1,67477.30184,68386.9194,134.80348727589237,0.6851903451615684,A1,2.8272892429912586
BTCUSDT,1774900800000,-1,66502.59681999999,68386.9194,283.34571431852964,-1.0410985743304875,A4,3.236255394527496
BTCUSDT,1775433600000,1,69011.69957999999,66008.16,435.22179547515833,-0.32117526529681656,A3,2.7118225119449715
BTCUSDT,1775962800000,1,71738.04474,71009.5935,101.54322474777766,-1.104041122182155,A1,2.890371491676009
BTCUSDT,1776085200000,1,71057.2086,70211.5963,119.00443553308865,2.451956832033907,A1,2.800736801725125
BTCUSDT,1776672000000,1,74810.4591,73411.1585,187.04611852863067,0.7163958411246031,A1,2.9569701339729533
BTCUSDT,1778230800000,1,79865.16984,78860.4191,125.80587282452376,1.2998418410465875,A1,3.026114819898536
BTCUSDT,1778241600000,1,80197.83636,78860.4191,166.76475584658803,0.6828242000493081,A4,3.1667385355662994
BTCUSDT,1778457600000,1,82194.13553999999,78860.4191,405.59054707469096,-0.47699508257727014,A3,2.6908551228052
BTCUSDT,1778637600000,1,80976.29202000001,79521.6965,179.63227059603295,-1.0635692702768105,A1,3.111288412230745
BTCUSDT,1778857200000,1,79136.42412000001,78334.865,101.28826629625645,-1.107600750463857,A1,3.054223417743546
BTCUSDT,1779480000000,-1,75811.93458,78453.63,348.45376715883344,-0.3699736848686363,A3,2.660775790282431
BTCUSDT,1780207200000,-1,74012.99444000001,74509.875,67.13423281404941,7.014731079777517,A1,2.9993311903320845
BTCUSDT,1780214400000,-1,73818.43336,74509.875,93.66788328166771,5.353138878644961,A4,3.2530051866392062
BTCUSDT,1780329600000,-1,71085.2801,74553.12585000001,487.8430168836048,1.9740609968979654,A3,2.6316054192808753
BTCUSDT,1780995600000,-1,62804.4366,64404.12825,254.70997537775867,-1.038116137017431,A1,3.4623193374555647
BTCUSDT,1782759600000,-1,60263.34492,60970.95405000001,117.41949122461759,1.4965285177880974,A1,3.403469442147455
BTCUSDT,1782835200000,-1,58344.52876,61137.93645,478.77800187412123,-0.6554095244070853,A3,2.7623054392516004
BTCUSDT,1785330000000,-1,64235.35036,64942.40565000001,110.07261360565438,-1.0830374991197753,A1,3.5371028491127543
BTCUSDT,1785650400000,-1,63415.91428,63842.670000000006,67.29473584749654,1.3084164449637128,A1,3.479672274125197
BTCUSDT,1785772800000,-1,63646.7681,64183.86,84.3863586531426,-1.1280887180357684,A1,3.5756339026592228
BTCUSDT,1786392000000,-1,64004.39656,65711.88945,266.7774374529626,0.3465174941349251,A3,2.7259432901165828
BTCUSDT,1786982400000,1,64182.63396,62265.5053,298.69896913155634,3.119864561739063,A3,2.747366360637885
BTCUSDT,1788015600000,1,77994.79583999999,76584.11415000001,180.86869448237064,-1.1081346441798885,A1,3.4279293768214045
BTCUSDT,1788955200000,1,79297.45632,77328.49965000001,248.30010461551018,-1.0500720986610252,A1,3.321647656969799
BTCUSDT,1790236800000,1,84484.8936,83158.02465,157.05398840674982,-1.0693839688691753,A1,3.2492364090659844
DOGEUSDT,1714737600000,-1,0.132533488,0.136265265,281.5723826720679,-1.333265206361478,A4,2.524701882003042
DOGEUSDT,1719158400000,-1,0.12262547,0.12593925,270.23586535488937,-1.0413586021197836,A4,2.4412860753303054
DOGEUSDT,1725624000000,-1,0.096840628,0.09974790000000001,300.2120143210984,1.3494240722663278,A4,2.3680703566603367
DOGEUSDT,1759132800000,-1,0.232373516,0.23841153000000004,259.84088479343035,-1.0395315560278091,A4,2.4510490356022396
DOGEUSDT,1760918400000,-1,0.195220948,0.19930513500000002,209.2084400696598,-1.053233532600769,A4,2.3913463933802457
DOGEUSDT,1760976000000,-1,0.19916016,0.203118435,198.74833400415076,0.7090255056098425,A4,2.3230272271161514
DOGEUSDT,1762084800000,-1,0.18684262399999998,0.189430695,138.51609148884705,2.859657263454119,A4,2.3810785953944533
DOGEUSDT,1763539200000,-1,0.158798234,0.16347015,294.20453126701636,1.352925862587156,A4,2.539622342234173
DOGEUSDT,1765224000000,-1,0.14258147799999998,0.14549746500000002,204.5137307385772,-1.045130977374678,A4,2.628526923125369
DOGEUSDT,1767009600000,-1,0.124805034,0.128448,291.8925529878876,1.343477056053155,A4,2.5586967109961245
DOGEUSDT,1777334400000,1,0.09891978,0.09652099,242.49851748558257,2.261142298815235,A4,2.6530125974400103
DOGEUSDT,1780185600000,-1,0.100539888,0.102126195,157.77887080996243,0.7119987137609833,A4,2.8056185492362196
DOGEUSDT,1782590400000,-1,0.07470505599999999,0.07667743500000002,264.0221566797332,1.3478327763471118,A4,2.8415165625101535
DOTUSDT,1714320000000,-1,6.8466304000000004,6.9713145,182.11016619211637,1.8540476245241,A4,2.5074327612627645
DOTUSDT,1718611200000,-1,6.268746,6.444477,280.32879303133325,0.7225998127901749,A4,2.6350257917645887
DOTUSDT,1719158400000,-1,5.7008596,5.8343490000000005,234.15661736345902,1.3481055098469177,A4,2.707232618154567
DOTUSDT,1725811200000,-1,4.1161766,4.214700000000001,239.356591259958,-1.0349725970987609,A4,2.750135573840413
DOTUSDT,1728273600000,1,4.2528504,4.0587445,456.4136561210791,-0.38424751566026455,A3,2.511000980567177
DOTUSDT,1759147200000,-1,3.9302138,4.042098,284.67713384956306,-1.023008127142351,A4,2.7274502094822846
DOTUSDT,1764244800000,-1,2.3265346,2.378295,222.4785309446936,-1.0505580557057155,A4,2.6903183257534264
DOTUSDT,1764288000000,-1,2.334533,2.398365,273.42513470574244,1.5901974878454397,A4,2.562239292649921
DOTUSDT,1780963200000,-1,0.9738052,0.9984825,253.41105182022045,1.3436201459087103,A4,2.6664037172533415
DOTUSDT,1781308800000,-1,0.9558088,0.9774090000000001,225.98871238682952,-1.0493290699535165,A4,2.89454877852996
DOTUSDT,1781380800000,-1,0.9778044,0.9984825,211.47481029948352,-1.0710589424765795,A4,2.684380209365107
DOTUSDT,1782936000000,-1,0.8318336,0.852975,254.15419622386122,-1.0491595579171642,A4,2.738178733354812
DOTUSDT,1783008000000,-1,0.84983,0.8710380000000001,249.55579351164488,-1.0495533965211226,A4,2.420558596903986
DOTUSDT,1785470400000,-1,0.76824632,0.7816261500000001,174.16067804919774,0.7045384525188751,A4,2.4802655597798418
DOTUSDT,1786824000000,-1,0.76864624,0.7869447,238.060879605682,1.3469356410681341,A4,2.516610232185315
ETCUSDT,1718524800000,-1,25.4259138,25.785936000000003,141.59656279492424,2.5597118401212375,A4,2.542989410514885
ETCUSDT,1725364800000,-1,18.0673858,18.483466500000002,230.29380376656482,1.338970562925822,A4,2.6925929854037776
ETCUSDT,1725508800000,-1,17.8754242,18.3550185,268.298136387722,0.7331555261987291,A4,2.7735448026143636
ETCUSDT,1741982400000,-1,18.016396,18.554714999999998,298.79394302833805,0.7241685036700898,A4,2.8278872095955614
ETCUSDT,1759147200000,-1,18.259347400000003,18.6339915,205.17934830463741,-1.0542661097938972,A4,2.890798247570813
ETCUSDT,1760976000000,-1,15.9588076,16.278777,200.49705969260606,0.7051546743959202,A4,2.8155978484107473
ETCUSDT,1763942400000,-1,13.5462902,13.835254500000001,213.3161889592486,-1.0522209532039222,A4,2.855116492180753
ETCUSDT,1765224000000,-1,13.382323,13.671684,216.22628597441664,-1.0426558266026162,A4,2.7692864131146266
ETCUSDT,1766952000000,-1,12.0495896,12.3641235,261.0328736839309,-1.038915386755179,A4,2.7104401362361745
ETCUSDT,1780876800000,-1,7.1055786,7.260322500000001,217.77804273391695,0.7169323092636483,A4,2.6348561390990244
ETCUSDT,1782460800000,-1,7.0205956,7.193088,245.6948239548227,-1.0460203759581284,A4,2.695451347731306
ETCUSDT,1783670400000,-1,7.0405916,7.1338815,132.50292773692522,1.3842371195343794,A4,2.5987683432531163
ETCUSDT,1785456000000,-1,6.7646468,6.8428665,115.63013164264542,2.970608955739413,A4,2.6894686306910582
ETCUSDT,1786464000000,-1,6.3047388,6.617079,495.4054559722607,-0.5286521611051029,A3,2.518230837947752
ETHUSDT,1706630400000,1,2340.8980859999997,2224.188,498.56970150899434,-0.38389032391595984,A3,2.510067058378208
ETHUSDT,1707753600000,1,2557.841466,2443.8763900000004,445.551757272198,1.772244393483362,A3,2.4870720156984514
ETHUSDT,1712919600000,1,3533.40654,3462.867395,199.63495341240787,-1.0544461531492084,A1,2.5252940585561765
ETHUSDT,1713571200000,-1,3054.2990179999997,3139.4698200000003,278.85548041649065,-1.0373766380265375,A4,2.5180636027844
ETHUSDT,1719446400000,-1,3370.105844,3436.9875,198.45565420170232,-1.0510371907309661,A4,2.4587439704481246
ETHUSDT,1720432800000,-1,3049.3999980000003,3108.8430000000003,194.93343621363766,1.3387889638399335,A1,2.4582431939554477
ETHUSDT,1720555200000,-1,3066.696538,3126.7053000000005,195.6788396126607,-1.0549559165639302,A4,2.394165994633224
ETHUSDT,1720602000000,-1,3085.63275,3139.9515,176.03763766118928,-1.0573965860432166,A1,2.544622825537456
ETHUSDT,1720670400000,-1,3075.094858,3161.025,279.438996089662,-1.038464657586041,A1,2.465804997481602
ETHUSDT,1725850800000,-1,2305.5887900000002,2342.1489300000003,158.571815401653,-1.066139500817108,A1,2.4148879502817175
ETHUSDT,1725897600000,-1,2291.151678,2346.92559,243.4317751004857,-1.0458409858699371,A4,2.325219905231269
ETHUSDT,1725940800000,-1,2339.1020860000003,2390.848785,221.2246285004587,-1.051851262862986,A1,2.3416856708409624
ETHUSDT,1727409600000,1,2638.267548,2581.05458,216.85809706210972,0.6954277125570492,A1,2.2794998328071623
ETHUSDT,1739289600000,-1,2660.627768,2734.0257149999998,275.8670261311049,0.7227467042174257,A4,2.262557489106198
ETHUSDT,1742097600000,-1,1926.21468,1964.5318800000002,198.92486750230862,0.7066432087480136,A4,2.3102645147997265
ETHUSDT,1748541600000,1,2659.011696,2600.8749650000004,218.64037336675034,-1.0534215997576968,A1,2.319323390255479
ETHUSDT,1760623200000,-1,4018.066226,4117.94253,248.5680881856136,1.6387720578362122,A1,2.255407777181022
ETHUSDT,1760918400000,-1,3979.80388,4044.105,161.56856452936591,-1.0687382111765718,A4,2.3566572352469586
ETHUSDT,1760922000000,-1,3939.451952,4044.105,265.65382513897487,-1.0420607491322191,A1,2.3473335600478595
ETHUSDT,1761336000000,-1,3923.875068,4040.57268,297.40399471862185,-1.0306989862546707,A4,2.2802166406423767
ETHUSDT,1762084800000,-1,3888.1522139999997,3930.7095000000004,109.45375504273059,4.1121270894613735,A4,2.246656470238338
ETHUSDT,1762603200000,-1,3410.857692,3502.215,267.84262566648323,-1.0337193010475936,A1,2.285098278430693
ETHUSDT,1762603200000,-1,3410.857692,3502.215,267.84262566648323,-1.0337193010475936,A4,2.4551551802410145
ETHUSDT,1763917200000,-1,2798.100268,2866.9995000000004,246.2357506911193,-1.045564995112789,A1,2.226996970830111
ETHUSDT,1763942400000,-1,2800.1798519999998,2866.9995000000004,238.62627235273962,-1.0467510490081433,A4,2.3933440877174728
ETHUSDT,1764144000000,-1,2942.451392,2994.2433000000005,176.0161888852729,-1.0620837238028937,A1,2.1757435236487224
ETHUSDT,1764158400000,-1,2912.2374360000003,2994.2433000000005,281.59058387985164,-1.0390440155754825,A4,2.327542720691421
ETHUSDT,1766239200000,-1,2978.05427,3028.552965,169.56942493865222,-1.0634223894224746,A1,2.1186591889234934
ETHUSDT,1766898000000,-1,2937.152452,2970.1994400000003,112.51369665029736,-1.0827149999070815,A1,2.0731517914587396
ETHUSDT,1771765200000,-1,1965.05691,2003.6282400000002,196.28607092097,1.9014384610775932,A1,2.0011991124396076
ETHUSDT,1776052800000,1,2193.708654,2165.3945000000003,129.06980126267803,2.038876640412301,A4,2.2859625647523307
ETHUSDT,1776409200000,1,2330.425992,2274.71055,239.0783581682613,0.7196213088997804,A1,2.093442422627466
ETHUSDT,1780221600000,-1,2019.7359720000002,2044.681425,123.50848499914626,5.466522075798723,A1,2.1492675743529666
ETHUSDT,1780329600000,-1,1967.216478,2053.161,436.8839065814291,2.3455051645145364,A3,2.5976947733181763
ETHUSDT,1780992000000,-1,1678.854162,1720.2197700000002,246.39190786364483,0.7103455978384929,A1,2.427025399303466
ETHUSDT,1786464000000,-1,1861.637598,1944.4518450000003,444.84623155961987,-0.6650431642746153,A3,2.750461634954195
ETHUSDT,1788015600000,1,2447.83947,2395.3667700000005,214.36332179086622,0.7040764010090249,A1,2.473970493989404
ETHUSDT,1789358400000,1,2512.492398,2451.68895,242.00450536049607,0.7094252543903082,A4,2.3871845185248985
ETHUSDT,1789398000000,1,2500.870074,2452.48615,193.468363282913,0.7029324143325646,A1,2.5194877452100366
ETHUSDT,1790265600000,1,2682.78645,2616.8189650000004,245.89167356201483,0.12602672064578146,A1,2.5590542691481546
FETUSDT,1756396800000,-1,0.6480703600000001,0.6602026500000001,187.2063706169195,1.7183392261393995,A4,2.527002370309875
FETUSDT,1769616000000,-1,0.22615476,0.23241060000000002,276.617657749057,-1.0404194239229259,A4,2.6275577413345093
FETUSDT,1784088000000,-1,0.1609678,0.16427295000000003,205.3298858529491,0.6976763755651029,A4,2.5652032937574374
FETUSDT,1785729600000,-1,0.14017195999999998,0.1435005,237.46118695921913,-1.056580849875621,A4,2.6069151229215093
FILUSDT,1725811200000,-1,3.3333332,3.4289595,286.87891147515563,-1.038996930983998,A4,2.51755485233178
FILUSDT,1739217600000,-1,3.3953208,3.480138,249.80614497457873,-1.0449229921810679,A4,2.454259952616047
FILUSDT,1759147200000,-1,2.1725654,2.2277700000000005,254.09867983721279,-1.03997502797412,A4,2.433739389519298
FILUSDT,1765224000000,-1,1.4987002,1.5343515,237.88146555261721,-1.0400791706511399,A4,2.326784653314381
FILUSDT,1769616000000,-1,1.2607477999999999,1.2975255,291.7133783616378,2.4244620887025223,A4,2.2622302329916435
GALAUSDT,1705867200000,-1,0.024465106,0.025057395,242.0954154051077,1.7205630919492019,A4,2.564487915551736
GALAUSDT,1760976000000,-1,0.011417716,0.011750985,291.887624460094,0.7212803126836889,A4,2.6283218189932924
GALAUSDT,1765224000000,-1,0.007288541999999999,0.00750618,298.602930462637,-1.0333608986307536,A4,2.675627559142219
GALAUSDT,1780963200000,-1,0.0026254748,0.0027034290000000002,296.9146761568627,0.7270613037993359,A4,2.6402379165865253
GALAUSDT,1783728000000,-1,0.0021555688,0.002195658,185.97968202174835,1.8119467106702056,A4,2.5996858701913825
GALAUSDT,1785585600000,-1,0.0017986402,0.0018474435,271.3344225265282,-1.0244639631933703,A4,2.774790465901874
HBARUSDT,1701504000000,1,0.061932384,0.059501015000000004,392.5844353093198,-0.1560636643388959,A3,2.5024536997964177
HBARUSDT,1705852800000,-1,0.076204756,0.07787160000000001,218.7322796493193,1.4078204342341702,A4,2.523074594332764
HBARUSDT,1765224000000,-1,0.134543086,0.137850795,245.84756440029867,-1.0377722869579926,A4,2.6180179539652917
HBARUSDT,1766289600000,-1,0.11211757200000001,0.11504124000000002,260.7680444596146,-1.0449249456202276,A4,2.5316397941297306
HBARUSDT,1774828800000,-1,0.0879824,0.09227182500000002,487.53216552401534,-0.5381355770062409,A3,2.4946564781224287
HBARUSDT,1784174400000,-1,0.067456506,0.06859926000000001,169.40604661617218,0.694182781952395,A4,2.4840766593529717
HBARUSDT,1787011200000,-1,0.06593681,0.06659226,99.4057795637978,-1.1040252342717292,A4,2.510070202972562
ICPUSDT,1719374400000,-1,8.2453506,8.4043125,192.7897401961289,0.723212829909078,A4,2.5102550335570526
ICPUSDT,1725364800000,-1,7.465506599999999,7.664733,266.8625328119067,1.349017656152004,A4,2.577646518155253
ICPUSDT,1745064000000,-1,4.801039599999999,4.911129000000001,229.30325340370334,-1.0479920674616228,A4,2.6313719581345425
ICPUSDT,1759032000000,-1,4.174165,4.2498225000000005,181.25181922612106,-1.0624678881673926,A4,2.6270947186084794
ICPUSDT,1759132800000,-1,4.2411516,4.333113,216.83120216688255,0.7111757724782165,A4,2.5447456851358456
ICPUSDT,1761336000000,-1,3.109378,3.1720635,201.60141353029505,-1.0525860235734696,A4,2.5642852501038322
ICPUSDT,1761379200000,-1,3.1133772,3.1871160000000005,236.84505687264794,-1.050313434859798,A4,2.492413728626767
ICPUSDT,1782014400000,-1,2.274545,2.3210955,204.65851412040823,0.6939504460311913,A4,2.4296656978455
ICPUSDT,1785729600000,-1,2.0535892,2.101329,232.4700577895521,-1.043397077273258,A4,2.5226170630161224
IMXUSDT,1705867200000,-1,1.9491101,1.9811097,164.17543575398852,1.8491383509205985,A4,2.546952056211937
IMXUSDT,1714320000000,-1,2.14867018,2.2004748000000003,241.10084685030822,1.5024714158257255,A4,2.6396426336551744
IMXUSDT,1785729600000,-1,0.10977804,0.11299410000000001,292.9602313905423,-1.037165942323525,A4,2.823982942253424
INJUSDT,1714334400000,-1,26.3377314,26.8626915,199.31864746710923,2.1606746143290696,A4,2.54987745086134
INJUSDT,1714867200000,-1,24.6230744,25.336368000000004,289.6850281214289,-1.0248887736454075,A4,2.6598326236042342
INJUSDT,1742097600000,-1,10.156968200000001,10.430379,269.1854445305823,1.4932782156437785,A4,2.5983987178100767
INJUSDT,1759132800000,-1,11.974604600000001,12.204567,192.04174808410772,-1.057933988473895,A4,2.694657740290928
INJUSDT,1760918400000,-1,8.545290600000001,8.7736005,267.1762853799252,-1.0418247772831761,A4,2.6148978685547695
INJUSDT,1769616000000,-1,4.4381122,4.545855,242.76718375889746,2.9321394053795187,A4,2.5245839688605423
JUPUSDT,1742040000000,-1,0.5256948400000001,0.53777565,229.8065166475657,-1.048279433523782,A4,2.5219528793844046
JUPUSDT,1742097600000,-1,0.52859426,0.54018405,219.2568265875616,1.3435459842071507,A4,2.477894380290313
JUPUSDT,1765238400000,-1,0.22705458,0.2336148,288.92700600886377,-1.0408690756303898,A4,2.534685359202521
JUPUSDT,1769284800000,-1,0.19636072,0.2013021,251.648089291994,1.4135749092386658,A4,2.421424826204176
LDOUSDT,1725220800000,-1,1.0537892,1.0761534000000001,212.22650602226864,1.3399979895208873,A4,2.512447536106851
LDOUSDT,1725336000000,-1,1.06168762,1.0902024000000001,268.57975418419284,1.5545209020598278,A4,2.6220874257139437
LDOUSDT,1760918400000,-1,0.9006198400000001,0.9276354,299.96629876596916,-1.037323876506205,A4,2.714216401348803
LDOUSDT,1760976000000,-1,0.9199159800000001,0.9463005,286.81445451137733,0.7203903457323045,A4,2.634052386660869
LDOUSDT,1781236800000,-1,0.26524694,0.27285165,286.70302473612,-1.0274030203845381,A4,2.6467824800623947
LINKUSDT,1714723200000,-1,13.492301,13.836258,254.92834765545282,-1.0438029998320135,A4,2.5197724302433917
LINKUSDT,1777896000000,1,9.422884199999999,9.02829,418.76159318608467,1.9678172116848172,A3,2.505614538619784
LINKUSDT,1780214400000,-1,9.1941608,9.330543,148.335669743779,0.6966729990993292,A4,2.4859998089108473
LINKUSDT,1780891200000,-1,7.8514294,8.06814,276.01419940170365,-1.037774191029878,A4,2.4840851806573316
LTCUSDT,1713484800000,-1,80.703856,82.80882,260.82570329724956,0.7169693652843849,A4,2.5193219138077922
LTCUSDT,1714723200000,-1,79.4841,81.54441000000001,259.21033263256624,-1.0430901420159602,A4,2.5649513773013437
LTCUSDT,1714867200000,-1,81.58368,83.27043,206.75090900533093,-1.047946920728444,A4,2.5024825766114582
LTCUSDT,1718380800000,-1,78.814234,80.54091000000001,219.0817460714028,2.2621242199434,A4,2.4349413624319567
LTCUSDT,1720008000000,-1,74.05518599999999,76.456665,324.28235343302083,2.5726700561430023,A3,2.5050215612111106
LTCUSDT,1723176000000,-1,60.707856,62.19693,245.285223052516,-0.7651686221772706,A4,2.5889114700695597
LTCUSDT,1726056000000,-1,61.177762,62.206965000000004,168.23155446582086,-1.0675891245719709,A4,2.530983255897315
LTCUSDT,1726142400000,-1,61.767644000000004,62.708715000000005,152.35662865820183,-1.0755125429795942,A4,2.4394439232885157
LTCUSDT,1736553600000,-1,103.86922200000001,106.61184,264.04530111913164,1.3501250292248157,A4,2.3770869154381638
LTCUSDT,1742256000000,-1,92.211554,94.820715,282.95380424886883,0.7195383054955486,A4,2.465409218222211
LTCUSDT,1759032000000,-1,103.78923800000001,105.277185,143.36235901452432,-1.068395995150803,A4,2.527597120390057
LTCUSDT,1759132800000,-1,105.968802,107.585235,152.53857451365738,-1.0727688968990075,A4,2.457038292838537
LTCUSDT,1760918400000,-1,93.26134400000001,95.07159,194.10464425646623,-1.0573251893627185,A4,2.370254463759772
LTCUSDT,1764043200000,-1,85.33292999999999,87.48513000000001,252.21212959639638,-1.046515683608261,A4,2.325517400370162
LTCUSDT,1764244800000,-1,86.362724,87.98688000000001,188.06215514925321,1.9337907197769157,A4,2.245484651860338
LTCUSDT,1769515200000,-1,68.996198,70.33531500000001,194.08562193528422,-1.0576616830555872,A4,2.368393152684972
LTCUSDT,1774108800000,-1,55.708856,56.757960000000004,188.319070849347,1.330578482501011,A4,2.3058523312458035
LTCUSDT,1775044800000,-1,53.999198,54.93159000000001,172.6677496210235,1.3286424430207964,A4,2.360091628418688
LTCUSDT,1779940800000,-1,50.969803999999996,53.325990000000004,462.2709555642019,-0.5339258211363608,A3,2.6726804255928505
LTCUSDT,1780171200000,-1,52.479502000000004,52.94466,88.63613073157502,5.972404696332807,A4,2.43906580916115
LTCUSDT,1782835200000,-1,41.681661999999996,43.561935,451.1031733811389,-0.6295876603557051,A3,2.637133792499753
LTCUSDT,1785614400000,-1,43.971204,46.040580000000006,470.62072714679493,-0.5256443193020491,A3,2.594961881966167
LTCUSDT,1786924800000,-1,44.111176,44.946765,189.42795812108903,-1.0514033416653967,A4,2.830522667617492
LTCUSDT,1787140800000,1,44.818962,43.6467,261.55491954499,2.6562090760939165,A3,2.5694749359231697
NEARUSDT,1744430400000,-1,2.0705858000000004,2.1284235000000002,279.330129666686,-1.0400332385816717,A4,2.518032686966129
NEARUSDT,1760976000000,-1,2.2925414,2.3451795000000004,229.60588628846676,0.7090060535645671,A4,2.4559258711636156
OPUSDT,1718510400000,-1,2.05588874,2.111364,269.83590561423154,-1.0377111627013527,A4,2.5141061199332966
OPUSDT,1719388800000,-1,1.76624668,1.8059989500000002,225.06635369868124,0.7160883189098246,A4,2.4566115768073113
OPUSDT,1759132800000,-1,0.6735652599999999,0.6878992500000001,212.80773892644243,0.7115755590950825,A4,2.4847780042927856
OPUSDT,1760976000000,-1,0.44851028,0.45930195,240.61143035562156,0.7075169050098268,A4,2.5681064464873784
OPUSDT,1761336000000,-1,0.4444111,0.45669285000000004,276.36010891717234,-1.0481473873720346,A4,2.5871095095946575
OPUSDT,1764043200000,-1,0.31713656,0.32603715000000005,280.6548068756261,-1.041359660297069,A4,2.5185424272443844
OPUSDT,1780214400000,-1,0.11907618,0.1226277,298.2561247765928,-1.0268739535446794,A4,2.451465456301292
OPUSDT,1783036800000,-1,0.09868025999999999,0.10135350000000001,270.8991646353609,-1.0412589269257495,A4,2.389736382559801
ORDIUSDT,1714320000000,-1,43.2323518,44.53231950000001,300.6932646213346,2.4767305734075737,A4,2.518693432130557
ORDIUSDT,1745064000000,-1,6.1817634,6.308001,204.20969201118177,-1.0545206966869574,A4,2.660940375886893
ORDIUSDT,1755763200000,-1,8.9392118,9.1649655,252.54318283408216,1.3447265342184171,A4,2.606448443416221
ORDIUSDT,1760976000000,-1,5.3309336,5.4520155,227.13075998545563,0.7138458712696772,A4,2.7428904381195562
ORDIUSDT,1761336000000,-1,5.208958,5.3406270000000005,252.77416327795402,-1.0342547985207586,A4,2.7652620472086147
ORDIUSDT,1774468800000,-1,2.4135172000000003,2.4615855,199.16286488449194,2.2177409062401905,A4,2.677772765391585
ORDIUSDT,1774972800000,-1,2.2375524,2.2799519999999998,189.49098130617872,-1.2250411421334266,A4,2.8292093838187573
SEIUSDT,1759147200000,-1,0.27834432,0.2855961,260.5327099902754,0.722804169046166,A4,2.519343811231084
SEIUSDT,1760990400000,-1,0.19966006,0.2043126,233.02306931090828,0.7085002300458042,A4,2.5675662267311177
SEIUSDT,1761393600000,-1,0.19496100000000002,0.20070000000000002,294.3665656208161,-1.0406093620839858,A4,2.608730750954455
SEIUSDT,1764244800000,-1,0.13967206,0.1428984,230.99394395701066,-1.0603220782236218,A4,2.4680132522250675
SEIUSDT,1769587200000,-1,0.10617876000000001,0.10817730000000002,188.2240854950658,3.3314614798652986,A4,2.48411443999301
SEIUSDT,1774468800000,-1,0.060857826000000004,0.06209658,203.54884185314057,2.3169502121123378,A4,2.669291739845126
SEIUSDT,1785844800000,-1,0.041511696,0.042046650000000005,128.86825920097414,-1.1297210883524562,A4,2.863674901681809
SOLUSDT,1714334400000,-1,141.9945954,145.18537650000002,224.71144701046907,1.555852032432307,A4,2.522455106151962
SOLUSDT,1760904000000,-1,188.76224000000002,192.822525,215.1004883180022,-1.050752583446047,A4,2.629038822999772
SOLUSDT,1760976000000,-1,190.36192,195.12054,249.9775165117061,0.7125956506326622,A4,2.549453985830221
SOLUSDT,1762588800000,-1,160.91781,165.39687,278.3445785149577,-1.0425462509138772,A4,2.5989512122859875
SOLUSDT,1775059200000,-1,83.563284,84.99645000000001,171.50666314167523,-1.199931232599702,A4,2.5363153021364706
SOLUSDT,1777867200000,1,85.397076,82.45041,345.0546714269226,-0.5424829733671863,A3,2.5145720049563276
STXUSDT,1742097600000,-1,0.6503699,0.66702645,256.1088697370543,1.355255072737286,A4,2.5350197395054943
STXUSDT,1759147200000,-1,0.5780843600000001,0.59055975,215.80570005388094,-1.0516260373325002,A4,2.6313738645618705
STXUSDT,1780948800000,-1,0.18776244,0.1928727,272.16625433712966,1.356735124200159,A4,2.486330063195885
SUIUSDT,1782561600000,-1,0.6998599999999999,0.7199109000000001,286.4987283170949,-1.0313164472906948,A4,2.5049972764843207
SUIUSDT,1785456000000,-1,0.69166164,0.7098759000000001,263.34061261515313,0.7223418913382269,A4,2.4677074069277367
SUIUSDT,1786017600000,-1,0.6758648,0.70245,393.3508595210163,-0.1685641909784353,A3,2.512778827977316
SUIUSDT,1786464000000,-1,0.67596478,0.7094745,495.73174507701367,-0.5212046408624118,A3,2.499496974628484
TIAUSDT,1725897600000,-1,4.1215755199999995,4.230655650000001,264.65639042809903,-1.2591190244364237,A4,2.507458922823794
TRXUSDT,1704931200000,1,0.105191034,0.100636535,432.9740688735889,1.5256973822329303,A3,2.511599295461641
TRXUSDT,1707912000000,1,0.129195834,0.12286845000000002,489.75139554422407,1.3859224712535236,A3,2.6064403155602727
TRXUSDT,1709078400000,1,0.14307861,0.136430815,464.62535525051476,-0.28719482833029425,A3,2.7017985026745626
TRXUSDT,1718841600000,-1,0.11572685,0.11758009500000001,160.13958731271117,-1.050882101534631,A4,2.517865925400576
TRXUSDT,1725638400000,-1,0.14833032799999998,0.15481998,437.5134935318159,-0.5731068875495948,A3,2.6789567845401177
TRXUSDT,1727035200000,1,0.151590312,0.15023234000000002,89.58171416653492,-0.9851928620688833,A4,2.489418091383064
TRXUSDT,1730304000000,1,0.168813756,0.16250922,373.4610347749148,-0.32903590368902735,A3,2.6424732748914814
TRXUSDT,1750608000000,-1,0.265816826,0.277176735,427.3585374915282,-0.45673533589045495,A3,2.618846544668144
TRXUSDT,1752091200000,1,0.289597908,0.28216894000000003,256.5269912101706,1.257909166239509,A3,2.596927901232054
TRXUSDT,1754928000000,1,0.34463891399999996,0.33350862,322.9552307607372,0.973442179743861,A3,2.6724984746167704
TRXUSDT,1757088000000,-1,0.332293528,0.34302640500000003,322.9938622217171,1.3392428111938208,A3,2.742934153715233
TRXUSDT,1757908800000,1,0.351100206,0.3449883,174.07867883734593,-1.061524055957833,A4,2.404085167047038
TRXUSDT,1759320000000,1,0.338097606,0.329951115,240.95086316582726,0.21920910534364055,A3,2.8423037216287708
TRXUSDT,1761235200000,-1,0.315756836,0.32641848,337.6536240691247,1.7300807820731012,A3,2.8476743297420133
TRXUSDT,1762185600000,-1,0.28749249,0.299514645,418.1728364452245,-0.1877819566375549,A3,2.9656912197062915
TRXUSDT,1763308800000,-1,0.292081572,0.3004479,286.43806395290073,1.7840333287327477,A4,2.3221785092284444
TRXUSDT,1764561600000,-1,0.276914606,0.28423134,264.2234768938115,-0.7709795722244347,A3,2.96656254191378
TRXUSDT,1765555200000,-1,0.274605068,0.28442200500000003,357.49292871754375,-0.17180433131026324,A3,2.899091892662076
TRXUSDT,1767744000000,1,0.294118812,0.28974234000000004,148.79945863510306,2.1343237646407944,A4,2.445166500187715
TRXUSDT,1767801600000,1,0.296439276,0.28974234000000004,225.9125744187802,-0.33644507879424884,A3,2.896051281629816
TRXUSDT,1770220800000,-1,0.283733242,0.288415935,165.0385752121359,1.4493462681030973,A4,2.579552173306928
TRXUSDT,1772280000000,-1,0.278984192,0.288616635,345.2684157817799,-0.4010718564646569,A3,2.862644117126485
TRXUSDT,1773748800000,1,0.301980384,0.29217380000000004,324.74241770617624,-0.27513734566490755,A3,2.8377224684195927
TRXUSDT,1778760000000,1,0.35423083199999994,0.345396865,249.38447481048016,-0.42464898332764067,A3,2.8172363324023335
TRXUSDT,1779379200000,1,0.36321262800000004,0.35232254,299.8268000748041,-0.2963754925396427,A3,2.783938213383255
TRXUSDT,1783944000000,-1,0.32719454800000003,0.334657215,228.0804202153142,-0.15873682537355124,A3,2.7716093896727405
TRXUSDT,1788854400000,1,0.337987584,0.32992122,238.65858930486607,-0.2537336316833707,A3,2.759421629012812
UNIUSDT,1716912000000,1,10.8401676,10.570872000000001,248.4238343325963,1.3421062033385285,A4,2.529756357842837
UNIUSDT,1756958400000,-1,9.5290938,9.7951635,279.2182610270865,-0.7676881241268715,A4,2.6134257123395024
UNIUSDT,1769616000000,-1,4.811037600000001,4.892062500000001,168.4146056143898,3.870379465296936,A4,2.565191555042808
UNIUSDT,1775505600000,-1,3.1503698,3.2182245,215.3864603450675,0.7029941942247033,A4,2.8090179962884596
UNIUSDT,1781308800000,-1,2.4985002,2.5699635,286.0247919932126,-1.0355907530398785,A4,2.8126107679340473
VETUSDT,1706184000000,-1,0.026764646,0.027435690000000002,250.72029721596263,-1.0484350686573438,A4,2.558541383885686
VETUSDT,1714320000000,-1,0.0399000184,0.0406869075,197.2152223368399,0.7112711862595053,A4,2.464196442780578
VETUSDT,1718913600000,-1,0.0269466096,0.027664488,266.40768937402794,1.8886913064897912,A4,2.4815625210151273
VETUSDT,1725364800000,-1,0.021761646800000003,0.022309812,251.8950909542358,1.3491619559066252,A4,2.6146931527922286
VETUSDT,1742097600000,-1,0.025094980000000003,0.025587243000000003,196.1599491212982,1.3444549477930496,A4,2.6986761319797408
VETUSDT,1760918400000,-1,0.017631473,0.018081063,254.99287552435337,-1.043792079662955,A4,2.8073379420790303
VETUSDT,1760976000000,-1,0.0179384116,0.018318892500000003,212.10400813860474,0.7134347205969598,A4,2.76191245354803
VETUSDT,1774454400000,-1,0.0071165764000000005,0.0072683505,213.26841934838205,1.8238949552788508,A4,2.7748577427836816
VETUSDT,1774900800000,-1,0.0066946608,0.006871968,264.8486686584627,-1.0347312219533105,A4,2.9137980633729224
VETUSDT,1782662400000,-1,0.004604079,0.0047194605,250.6071246822656,1.564742002113966,A4,2.7980658138928405
VETUSDT,1788350400000,1,0.0066023202,0.006453334000000001,225.65733785525802,-1.0568745990564221,A4,2.935449559901012
VETUSDT,1788408000000,1,0.0065623122,0.0064124775,228.32607689710272,0.701975844624434,A4,2.8568975451352157
WLDUSDT,1760918400000,-1,0.91141768,0.9350613,259.41585859953886,-1.043056518270762,A4,2.5194277384458617
WLDUSDT,1763971200000,-1,0.6123775,0.6287931000000001,268.0634086000888,-1.0448845135955411,A4,2.4677506994730534
XRPUSDT,1705852800000,-1,0.5513897,0.5573439,107.98533233391957,2.4328209935295657,A4,2.5471859545851263
XRPUSDT,1715644800000,-1,0.504899,0.51369165,174.14671053022622,-1.0418026568495802,A4,2.685772295423865
XRPUSDT,1719590400000,-1,0.4759048,0.48258315,140.3295364955344,-1.0258189403046394,A4,2.6628004687406372
XRPUSDT,1720627200000,-1,0.43281342,0.4439484,257.2697491681293,-1.0394722266547383,A4,2.5364030836658698
XRPUSDT,1725897600000,-1,0.5288942000000001,0.535869,131.8751462957988,-1.084069144378338,A4,2.525279741566327
XRPUSDT,1725940800000,-1,0.5333933,0.54459945,210.09169031557064,-1.0455349585228153,A4,2.3837540427962947
XRPUSDT,1756886400000,-1,2.81863616,2.8748268,199.35400246905252,-1.055832829567554,A4,2.343537393458453
XRPUSDT,1762099200000,-1,2.4983002400000003,2.5634407500000003,260.7393177050649,1.9685793609078697,A4,2.2721054382347305
XRPUSDT,1766260800000,-1,1.9237151799999999,1.9645519500000002,212.28074937787986,0.8358595572262437,A4,2.39845710624164
XRPUSDT,1771704000000,-1,1.4424114600000002,1.4687226,182.41078034695997,1.6023923157988935,A4,2.446935829195722
XRPUSDT,1774886400000,-1,1.34443106,1.37108205,198.23247761026914,0.6967459829204238,A4,2.5341895586614314
XRPUSDT,1776124800000,1,1.37547504,1.3134866500000002,450.6689557958084,-0.41658325862310996,A3,2.511141835599591
XRPUSDT,1779638400000,-1,1.34753044,1.3804146,244.0327804394521,0.7064118638466128,A4,2.575547800997797
XRPUSDT,1783915200000,-1,1.0714856600000002,1.1227158000000002,478.1224976916621,-0.6656402288769828,A3,2.4842412392538886
XRPUSDT,1786996800000,-1,1.00059984,1.01202975,114.23057992893474,-1.0950375130843009,A4,2.6780813805823116
