entree_utc,sortie_utc,sens,qty,entree_px,sortie_px_moy,stop_initial,risque_usd,pnl_usd_net,R,sorties
2026-04-12 18:00,2026-04-16 13:00,long,0.109303,2202.44,2278.80,2165.39,4.05,8.177,2.02,tp1:2258.01x0.054652|tp2:2295.06x0.027326|trail:2304.13x0.027326
2026-04-17 07:00,2026-04-19 03:00,long,0.078319,2330.43,2371.98,2274.71,4.36,3.140,0.72,tp1:2414.00x0.039159|stop:2329.96x0.039159
2026-05-06 20:00,2026-05-07 01:00,long,0.221053,2347.62,2326.53,2327.00,4.56,-5.092,-1.12,stop:2326.53x0.221053
2026-05-15 00:00,2026-05-15 01:00,short,0.095151,2281.60,2290.53,2326.72,4.29,-1.045,-0.24,trendflip:2290.53x0.095151
2026-05-21 19:00,2026-05-23 20:00,short,0.108827,2125.45,2063.79,2164.55,4.25,6.593,1.55,tp1:2066.81x0.054413|tp2:2027.72x0.027207|trail:2093.83x0.027207
2026-05-24 13:00,2026-05-29 15:00,short,0.116204,2118.49,2045.39,2157.38,4.52,8.434,1.87,tp1:2060.14x0.058102|tp2:2021.24x0.029051|trail:2040.06x0.029051
2026-05-31 10:00,2026-06-07 05:00,short,0.196005,2019.74,1882.58,2044.68,4.89,26.728,5.47,tp1:1982.32x0.098003|tp2:1957.37x0.049001|trail:1608.31x0.049001
2026-06-09 00:00,2026-06-11 17:00,short,0.189534,1688.86,1644.10,1720.22,5.94,8.236,1.39,tp1:1641.83x0.094767|tp2:1610.47x0.047384|trail:1682.29x0.047384
2026-07-01 06:00,2026-07-01 14:00,short,0.342440,1591.57,1610.34,1610.02,6.32,-6.891,-1.09,stop:1610.34x0.342440
2026-07-18 06:00,2026-07-27 22:00,long,0.121098,1845.49,1928.94,1796.15,5.97,9.852,1.65,tp1:1919.50x0.060549|tp2:1968.83x0.030275|trail:1907.93x0.030275
2026-08-02 06:00,2026-08-02 18:00,short,0.397131,1875.29,1863.26,1891.60,6.47,4.259,0.66,tp1:1850.84x0.198565|stop:1875.67x0.198565
2026-08-12 16:00,2026-08-23 04:00,long,0.164967,1892.02,2066.58,1852.26,6.56,28.242,4.31,tp1:1951.65x0.082483|tp2:1991.40x0.041242|trail:2371.61x0.041242
2026-08-29 15:00,2026-08-30 23:00,long,0.146717,2447.84,2486.95,2395.37,7.70,5.420,0.70,tp1:2526.55x0.073359|stop:2447.35x0.073359
2026-09-14 15:00,2026-09-15 03:00,long,0.163741,2500.87,2536.91,2452.49,7.92,5.569,0.70,tp1:2573.45x0.081871|stop:2500.37x0.081871
2026-09-24 16:00,2026-09-26 23:00,long,0.123259,2682.79,2694.43,2616.82,8.13,1.025,0.13,fin:2694.43x0.123259
