timestamp,total_entries,total_exits,win_rate,net_pnl_usd,max_drawdown_usd,closed_this_scan,realized_pnl_this_scan
2026-05-24T15:56:03.514611,4,1,1.0,0.493947,0.0,0,0.0
2026-05-24T16:01:05.805018,4,1,1.0,0.493947,0.0,0,0.0
2026-05-24T16:06:08.307477,4,1,1.0,0.493947,0.0,0,0.0
2026-05-24T16:11:10.362050,4,1,1.0,0.493947,0.0,0,0.0
2026-05-24T16:16:12.821892,4,1,1.0,0.493947,0.0,0,0.0
2026-05-24T16:21:14.902517,4,1,1.0,0.493947,0.0,0,0.0
2026-05-24T16:26:16.948778,4,1,1.0,0.493947,0.0,0,0.0
2026-05-24T16:31:19.243888,4,1,1.0,0.493947,0.0,0,0.0
2026-05-24T16:36:21.521669,4,1,1.0,0.493947,0.0,0,0.0
2026-05-24T16:41:23.807087,4,1,1.0,0.493947,0.0,0,0.0
2026-05-24T16:46:26.069109,4,1,1.0,0.493947,0.0,0,0.0
2026-05-24T16:51:28.139753,4,1,1.0,0.493947,0.0,0,0.0
2026-05-24T16:56:30.180455,4,1,1.0,0.493947,0.0,0,0.0
2026-05-24T17:01:32.227354,4,1,1.0,0.493947,0.0,0,0.0
2026-05-24T17:06:34.279680,4,1,1.0,0.493947,0.0,0,0.0
2026-05-24T17:11:36.296964,4,1,1.0,0.493947,0.0,0,0.0
2026-05-24T17:16:38.355779,4,1,1.0,0.493947,0.0,0,0.0
2026-05-24T17:21:40.416504,4,1,1.0,0.493947,0.0,0,0.0
2026-05-24T17:26:42.483944,4,1,1.0,0.493947,0.0,0,0.0
2026-05-24T17:31:44.532215,4,1,1.0,0.493947,0.0,0,0.0
2026-05-24T17:36:46.606636,4,1,1.0,0.493947,0.0,0,0.0
2026-05-24T17:41:48.622722,4,1,1.0,0.493947,0.0,0,0.0
2026-05-24T17:46:50.661466,4,1,1.0,0.493947,0.0,0,0.0
2026-05-24T17:51:53.144504,4,1,1.0,0.493947,0.0,0,0.0
2026-05-24T17:56:55.176413,4,1,1.0,0.493947,0.0,0,0.0
2026-05-24T18:01:57.450482,4,1,1.0,0.493947,0.0,0,0.0
2026-05-24T18:06:59.709438,4,1,1.0,0.493947,0.0,0,0.0
2026-05-24T18:12:01.770092,4,1,1.0,0.493947,0.0,0,0.0
2026-05-24T18:17:04.260952,4,1,1.0,0.493947,0.0,0,0.0
2026-05-24T18:22:06.705431,4,1,1.0,0.493947,0.0,0,0.0
2026-05-24T18:27:08.741044,4,1,1.0,0.493947,0.0,0,0.0
2026-05-24T18:32:11.009272,4,1,1.0,0.493947,0.0,0,0.0
2026-05-24T18:37:13.185833,4,1,1.0,0.493947,0.0,0,0.0
2026-05-24T18:42:15.212560,4,1,1.0,0.493947,0.0,0,0.0
2026-05-24T18:47:17.700450,4,1,1.0,0.493947,0.0,0,0.0
2026-05-24T18:52:19.720840,4,1,1.0,0.493947,0.0,0,0.0
2026-05-24T18:57:21.928485,4,1,1.0,0.493947,0.0,0,0.0
2026-05-24T19:02:23.992196,4,1,1.0,0.493947,0.0,0,0.0
2026-05-24T19:07:26.281335,4,1,1.0,0.493947,0.0,0,0.0
2026-05-24T19:12:28.543182,4,1,1.0,0.493947,0.0,0,0.0
2026-05-24T19:17:30.826562,4,1,1.0,0.493947,0.0,0,0.0
2026-05-24T19:22:32.861216,4,1,1.0,0.493947,0.0,0,0.0
2026-05-24T19:27:34.881593,4,1,1.0,0.493947,0.0,0,0.0
2026-05-24T19:32:37.259683,4,1,1.0,0.493947,0.0,0,0.0
2026-05-24T19:37:39.735014,4,1,1.0,0.493947,0.0,0,0.0
2026-05-24T19:42:42.012627,4,1,1.0,0.493947,0.0,0,0.0
2026-05-24T19:47:44.036327,4,1,1.0,0.493947,0.0,0,0.0
2026-05-24T19:52:46.085954,4,1,1.0,0.493947,0.0,0,0.0
2026-05-24T19:57:48.573283,4,1,1.0,0.493947,0.0,0,0.0
2026-05-24T20:02:50.846087,4,1,1.0,0.493947,0.0,0,0.0
2026-05-24T20:07:52.896730,4,1,1.0,0.493947,0.0,0,0.0
2026-05-24T20:12:55.064978,4,1,1.0,0.493947,0.0,0,0.0
2026-05-24T20:17:57.116911,4,1,1.0,0.493947,0.0,0,0.0
2026-05-24T20:22:59.605487,4,1,1.0,0.493947,0.0,0,0.0
2026-05-24T20:28:01.986938,4,1,1.0,0.493947,0.0,0,0.0
2026-05-24T20:33:04.321992,4,1,1.0,0.493947,0.0,0,0.0
2026-05-24T20:38:06.565884,4,1,1.0,0.493947,0.0,0,0.0
2026-05-24T20:43:08.639277,4,1,1.0,0.493947,0.0,0,0.0
2026-05-24T20:48:10.929783,4,1,1.0,0.493947,0.0,0,0.0
2026-05-24T20:53:13.236654,4,1,1.0,0.493947,0.0,0,0.0
2026-05-24T20:58:15.322840,4,1,1.0,0.493947,0.0,0,0.0
2026-05-24T21:03:17.388096,4,1,1.0,0.493947,0.0,0,0.0
2026-05-24T21:08:19.464158,4,1,1.0,0.493947,0.0,0,0.0
2026-05-24T21:13:21.568541,4,1,1.0,0.493947,0.0,0,0.0
2026-05-24T21:18:23.686489,4,1,1.0,0.493947,0.0,0,0.0
2026-05-24T21:23:25.778809,10,5,0.8,7.705056,6.714803,0,0.0
2026-05-24T21:28:27.867024,10,5,0.8,7.705056,6.714803,0,0.0
