timestamp,strategy_name,symbols,entries,closed_trades,win_rate,profit_factor,pnl_total_usd,max_drawdown_usd,robustness_status,source_verdict
2026-05-24T19:22:38.402973,fast_4_6_trail_2_1,"1000SATSUSDT,ORDIUSDT,JUPUSDT",6,6,0.833333,86.022847,9.086716,3.8095,not_validated,no_conclusive_edge
2026-05-24T19:22:38.402973,balanced_6_8_trail_4_2,"1000SATSUSDT,ORDIUSDT,JUPUSDT",6,5,1.0,unbounded_no_losses,20.130557,3.960284,not_validated,no_conclusive_edge
2026-05-24T19:22:38.402973,current_8_10_trail_4_2,"1000SATSUSDT,ORDIUSDT,JUPUSDT",6,4,1.0,unbounded_no_losses,20.115825,3.960284,not_validated,no_conclusive_edge
2026-05-24T19:22:38.402973,wide_10_12_trail_6_3,"1000SATSUSDT,ORDIUSDT,JUPUSDT",5,3,1.0,unbounded_no_losses,22.405164,4.576105,not_validated,no_conclusive_edge
2026-05-24T19:23:14.033588,fast_4_6_trail_2_1,"1000SATSUSDT,ORDIUSDT,JUPUSDT",6,6,0.833333,86.022847,9.086716,3.8095,not_validated,no_conclusive_edge
2026-05-24T19:23:14.033588,balanced_6_8_trail_4_2,"1000SATSUSDT,ORDIUSDT,JUPUSDT",6,5,1.0,unbounded_no_losses,20.130557,3.960284,not_validated,no_conclusive_edge
2026-05-24T19:23:14.033588,current_8_10_trail_4_2,"1000SATSUSDT,ORDIUSDT,JUPUSDT",6,4,1.0,unbounded_no_losses,20.115825,3.960284,not_validated,no_conclusive_edge
2026-05-24T19:23:14.033588,wide_10_12_trail_6_3,"1000SATSUSDT,ORDIUSDT,JUPUSDT",5,3,1.0,unbounded_no_losses,22.405164,4.576105,not_validated,no_conclusive_edge
2026-05-24T19:30:21.454728,fast_4_6_trail_2_1,"1000SATSUSDT,ORDIUSDT,JUPUSDT",6,6,0.833333,86.022847,9.086716,3.8095,not_validated,no_conclusive_edge
2026-05-24T19:30:21.454728,balanced_6_8_trail_4_2,"1000SATSUSDT,ORDIUSDT,JUPUSDT",6,5,1.0,unbounded_no_losses,20.130557,3.960284,not_validated,no_conclusive_edge
2026-05-24T19:30:21.454728,current_8_10_trail_4_2,"1000SATSUSDT,ORDIUSDT,JUPUSDT",6,4,1.0,unbounded_no_losses,20.115825,3.960284,not_validated,no_conclusive_edge
2026-05-24T19:30:21.454728,wide_10_12_trail_6_3,"1000SATSUSDT,ORDIUSDT,JUPUSDT",5,3,1.0,unbounded_no_losses,22.405164,4.576105,not_validated,no_conclusive_edge
2026-05-24T19:31:37.691744,fast_4_6_trail_2_1,"1000SATSUSDT,ORDIUSDT,JUPUSDT",6,6,0.833333,86.022847,9.086716,3.8095,not_validated,no_conclusive_edge
2026-05-24T19:31:37.691744,balanced_6_8_trail_4_2,"1000SATSUSDT,ORDIUSDT,JUPUSDT",6,5,1.0,unbounded_no_losses,20.130557,3.960284,not_validated,no_conclusive_edge
2026-05-24T19:31:37.691744,current_8_10_trail_4_2,"1000SATSUSDT,ORDIUSDT,JUPUSDT",6,4,1.0,unbounded_no_losses,20.115825,3.960284,not_validated,no_conclusive_edge
2026-05-24T19:31:37.691744,wide_10_12_trail_6_3,"1000SATSUSDT,ORDIUSDT,JUPUSDT",5,3,1.0,unbounded_no_losses,22.405164,4.576105,not_validated,no_conclusive_edge
2026-05-24T19:31:53.390213,fast_4_6_trail_2_1,"1000SATSUSDT,ORDIUSDT,JUPUSDT,ARBUSDT,OPUSDT,SEIUSDT,WLDUSDT,TIAUSDT",30,28,0.785714,2.064253,17.642574,10.056358,promising_needs_more_trades,promising_but_needs_more_closed_trades
2026-05-24T19:31:53.390213,balanced_6_8_trail_4_2,"1000SATSUSDT,ORDIUSDT,JUPUSDT,ARBUSDT,OPUSDT,SEIUSDT,WLDUSDT,TIAUSDT",26,22,0.818182,4.780464,56.41706,11.905508,promising_needs_more_trades,promising_but_needs_more_closed_trades
2026-05-24T19:31:53.390213,current_8_10_trail_4_2,"1000SATSUSDT,ORDIUSDT,JUPUSDT,ARBUSDT,OPUSDT,SEIUSDT,WLDUSDT,TIAUSDT",26,21,0.809524,3.525541,49.695161,10.392134,promising_needs_more_trades,promising_but_needs_more_closed_trades
2026-05-24T19:31:53.390213,wide_10_12_trail_6_3,"1000SATSUSDT,ORDIUSDT,JUPUSDT,ARBUSDT,OPUSDT,SEIUSDT,WLDUSDT,TIAUSDT",22,16,0.8125,2.932052,36.923501,12.446246,promising_needs_more_trades,promising_but_needs_more_closed_trades
2026-05-24T19:37:03.698776,fast_4_6_trail_2_1,"1000SATSUSDT,ORDIUSDT,JUPUSDT,ARBUSDT,OPUSDT,SEIUSDT,WLDUSDT,TIAUSDT",30,28,0.785714,2.064253,17.642574,10.056358,promising_needs_more_trades,promising_but_needs_more_closed_trades
2026-05-24T19:37:03.698776,balanced_6_8_trail_4_2,"1000SATSUSDT,ORDIUSDT,JUPUSDT,ARBUSDT,OPUSDT,SEIUSDT,WLDUSDT,TIAUSDT",26,22,0.818182,4.780464,56.41706,11.905508,promising_needs_more_trades,promising_but_needs_more_closed_trades
2026-05-24T19:37:03.698776,current_8_10_trail_4_2,"1000SATSUSDT,ORDIUSDT,JUPUSDT,ARBUSDT,OPUSDT,SEIUSDT,WLDUSDT,TIAUSDT",26,21,0.809524,3.525541,49.695161,10.392134,promising_needs_more_trades,promising_but_needs_more_closed_trades
2026-05-24T19:37:03.698776,wide_10_12_trail_6_3,"1000SATSUSDT,ORDIUSDT,JUPUSDT,ARBUSDT,OPUSDT,SEIUSDT,WLDUSDT,TIAUSDT",22,16,0.8125,2.932052,36.923501,12.446246,promising_needs_more_trades,promising_but_needs_more_closed_trades
2026-05-24T19:37:43.802129,fast_4_6_trail_2_1,"1000SATSUSDT,ORDIUSDT,JUPUSDT,ARBUSDT,OPUSDT,SEIUSDT,WLDUSDT,TIAUSDT",30,28,0.785714,2.064253,17.642574,10.056358,promising_needs_more_trades,promising_but_needs_more_closed_trades
2026-05-24T19:37:43.802129,balanced_6_8_trail_4_2,"1000SATSUSDT,ORDIUSDT,JUPUSDT,ARBUSDT,OPUSDT,SEIUSDT,WLDUSDT,TIAUSDT",26,22,0.818182,4.780464,56.41706,11.905508,promising_needs_more_trades,promising_but_needs_more_closed_trades
2026-05-24T19:37:43.802129,current_8_10_trail_4_2,"1000SATSUSDT,ORDIUSDT,JUPUSDT,ARBUSDT,OPUSDT,SEIUSDT,WLDUSDT,TIAUSDT",26,21,0.809524,3.525541,49.695161,10.392134,promising_needs_more_trades,promising_but_needs_more_closed_trades
2026-05-24T19:37:43.802129,wide_10_12_trail_6_3,"1000SATSUSDT,ORDIUSDT,JUPUSDT,ARBUSDT,OPUSDT,SEIUSDT,WLDUSDT,TIAUSDT",22,16,0.8125,2.932052,36.923501,12.446246,promising_needs_more_trades,promising_but_needs_more_closed_trades
