timestamp,batch_id,symbols,intervals,tested_combinations,accepted_candidates,rank,symbol,interval,risk_profile,min_aster_score,min_window_volume_usd,stop_loss_pct,take_profit_pct,closed_trades,win_rate,profit_factor,pnl_total_usd,roi_pct_on_paper_balance,max_drawdown_usd,positive_windows,verdict
2026-05-26T09:12:00.286038+00:00,champion_low_tf,"TIAUSDT,INJUSDT,NEARUSDT","15m,30m,1h",810,486,1,INJUSDT,15m,strict_6_12,75.0,3000.0,-6.0,12.0,15,0.866667,8.926172,69.791589,6.979159,8.797777,3,robust_candidate
2026-05-26T09:12:00.286038+00:00,champion_low_tf,"TIAUSDT,INJUSDT,NEARUSDT","15m,30m,1h",810,486,2,INJUSDT,15m,strict_6_12,80.0,3000.0,-6.0,12.0,14,0.857143,7.598642,65.869999,6.587,9.054248,3,robust_candidate
2026-05-26T09:12:00.286038+00:00,champion_low_tf,"TIAUSDT,INJUSDT,NEARUSDT","15m,30m,1h",810,486,3,INJUSDT,15m,strict_6_12,75.0,5000.0,-6.0,12.0,14,0.857143,8.42412,65.636155,6.563616,8.797777,3,robust_candidate
2026-05-26T09:12:00.286038+00:00,champion_low_tf,"TIAUSDT,INJUSDT,NEARUSDT","15m,30m,1h",810,486,4,INJUSDT,15m,wide_8_16,80.0,3000.0,-8.0,16.0,10,0.9,22.705577,65.180908,6.518091,11.486436,3,robust_candidate
2026-05-26T09:12:00.286038+00:00,champion_low_tf,"TIAUSDT,INJUSDT,NEARUSDT","15m,30m,1h",810,486,5,INJUSDT,15m,wide_8_16,80.0,5000.0,-8.0,16.0,10,0.9,22.705577,64.933051,6.493305,11.486436,3,robust_candidate
2026-05-26T09:12:00.286038+00:00,champion_low_tf,"TIAUSDT,INJUSDT,NEARUSDT","15m,30m,1h",810,486,6,INJUSDT,15m,strict_6_12,80.0,5000.0,-6.0,12.0,13,0.846154,7.151569,62.561244,6.256124,9.054248,3,robust_candidate
2026-05-26T09:12:00.286038+00:00,champion_low_tf,"TIAUSDT,INJUSDT,NEARUSDT","15m,30m,1h",810,486,7,INJUSDT,15m,strict_6_12,75.0,10000.0,-6.0,12.0,14,0.857143,7.507362,61.044287,6.104429,9.95137,3,robust_candidate
2026-05-26T09:12:00.286038+00:00,champion_low_tf,"TIAUSDT,INJUSDT,NEARUSDT","15m,30m,1h",810,486,8,INJUSDT,15m,strict_6_12,70.0,3000.0,-6.0,12.0,17,0.823529,5.672645,59.167604,5.91676,10.395338,3,robust_candidate
2026-05-26T09:12:00.286038+00:00,champion_low_tf,"TIAUSDT,INJUSDT,NEARUSDT","15m,30m,1h",810,486,9,INJUSDT,15m,wide_8_16,75.0,3000.0,-8.0,16.0,11,0.909091,21.745816,58.943994,5.894399,11.486436,3,robust_candidate
2026-05-26T09:12:00.286038+00:00,champion_low_tf,"TIAUSDT,INJUSDT,NEARUSDT","15m,30m,1h",810,486,10,INJUSDT,15m,wide_8_16,75.0,5000.0,-8.0,16.0,11,0.909091,21.841368,58.940016,5.894002,11.486436,3,robust_candidate
2026-05-26T09:12:37.884247+00:00,champion_high_tf,"TIAUSDT,INJUSDT,NEARUSDT","2h,3h,4h,5h,6h",1080,137,1,TIAUSDT,2h,mid_5_10,65.0,3000.0,-5.0,10.0,16,0.6875,2.424618,32.49924,3.249924,13.316499,3,robust_candidate
2026-05-26T09:12:37.884247+00:00,champion_high_tf,"TIAUSDT,INJUSDT,NEARUSDT","2h,3h,4h,5h,6h",1080,137,2,TIAUSDT,2h,mid_5_10,65.0,5000.0,-5.0,10.0,16,0.6875,2.424618,32.49924,3.249924,13.316499,3,robust_candidate
2026-05-26T09:12:37.884247+00:00,champion_high_tf,"TIAUSDT,INJUSDT,NEARUSDT","2h,3h,4h,5h,6h",1080,137,3,TIAUSDT,2h,mid_5_10,65.0,10000.0,-5.0,10.0,16,0.6875,2.424618,32.49924,3.249924,13.316499,3,robust_candidate
2026-05-26T09:12:37.884247+00:00,champion_high_tf,"TIAUSDT,INJUSDT,NEARUSDT","2h,3h,4h,5h,6h",1080,137,4,TIAUSDT,2h,strict_6_12,65.0,3000.0,-6.0,12.0,8,0.75,3.814456,32.154457,3.215446,12.506136,3,robust_candidate
2026-05-26T09:12:37.884247+00:00,champion_high_tf,"TIAUSDT,INJUSDT,NEARUSDT","2h,3h,4h,5h,6h",1080,137,5,TIAUSDT,2h,strict_6_12,65.0,5000.0,-6.0,12.0,8,0.75,3.814456,32.154457,3.215446,12.506136,3,robust_candidate
2026-05-26T09:12:37.884247+00:00,champion_high_tf,"TIAUSDT,INJUSDT,NEARUSDT","2h,3h,4h,5h,6h",1080,137,6,TIAUSDT,2h,strict_6_12,65.0,10000.0,-6.0,12.0,8,0.75,3.814456,32.154457,3.215446,12.506136,3,robust_candidate
2026-05-26T09:12:37.884247+00:00,champion_high_tf,"TIAUSDT,INJUSDT,NEARUSDT","2h,3h,4h,5h,6h",1080,137,7,TIAUSDT,2h,mid_5_10,70.0,3000.0,-5.0,10.0,14,0.642857,2.229111,29.512325,2.951232,12.014142,2,robust_candidate
2026-05-26T09:12:37.884247+00:00,champion_high_tf,"TIAUSDT,INJUSDT,NEARUSDT","2h,3h,4h,5h,6h",1080,137,8,TIAUSDT,2h,mid_5_10,70.0,5000.0,-5.0,10.0,14,0.642857,2.229111,29.512325,2.951232,12.014142,2,robust_candidate
2026-05-26T09:12:37.884247+00:00,champion_high_tf,"TIAUSDT,INJUSDT,NEARUSDT","2h,3h,4h,5h,6h",1080,137,9,TIAUSDT,3h,frequent_3_6,65.0,3000.0,-3.0,6.0,16,0.6875,3.950283,28.548552,2.854855,6.739995,3,robust_candidate
2026-05-26T09:12:37.884247+00:00,champion_high_tf,"TIAUSDT,INJUSDT,NEARUSDT","2h,3h,4h,5h,6h",1080,137,10,TIAUSDT,3h,frequent_3_6,65.0,5000.0,-3.0,6.0,15,0.666667,3.533337,27.190971,2.719097,6.739995,3,robust_candidate
2026-05-26T09:15:18.751993+00:00,champion_low_tf,"TIAUSDT,INJUSDT,NEARUSDT","15m,30m,1h",810,486,1,INJUSDT,15m,strict_6_12,75.0,3000.0,-6.0,12.0,15,0.866667,8.926172,69.791589,6.979159,8.797777,3,robust_candidate
2026-05-26T09:15:18.751993+00:00,champion_low_tf,"TIAUSDT,INJUSDT,NEARUSDT","15m,30m,1h",810,486,2,INJUSDT,15m,strict_6_12,80.0,3000.0,-6.0,12.0,14,0.857143,7.598642,65.869999,6.587,9.054248,3,robust_candidate
2026-05-26T09:15:18.751993+00:00,champion_low_tf,"TIAUSDT,INJUSDT,NEARUSDT","15m,30m,1h",810,486,3,INJUSDT,15m,strict_6_12,75.0,5000.0,-6.0,12.0,14,0.857143,8.42412,65.636155,6.563616,8.797777,3,robust_candidate
2026-05-26T09:15:18.751993+00:00,champion_low_tf,"TIAUSDT,INJUSDT,NEARUSDT","15m,30m,1h",810,486,4,INJUSDT,15m,wide_8_16,80.0,3000.0,-8.0,16.0,10,0.9,22.705577,65.180908,6.518091,11.486436,3,robust_candidate
2026-05-26T09:15:18.751993+00:00,champion_low_tf,"TIAUSDT,INJUSDT,NEARUSDT","15m,30m,1h",810,486,5,INJUSDT,15m,wide_8_16,80.0,5000.0,-8.0,16.0,10,0.9,22.705577,64.933051,6.493305,11.486436,3,robust_candidate
2026-05-26T09:15:18.751993+00:00,champion_low_tf,"TIAUSDT,INJUSDT,NEARUSDT","15m,30m,1h",810,486,6,INJUSDT,15m,strict_6_12,80.0,5000.0,-6.0,12.0,13,0.846154,7.151569,62.561244,6.256124,9.054248,3,robust_candidate
2026-05-26T09:15:18.751993+00:00,champion_low_tf,"TIAUSDT,INJUSDT,NEARUSDT","15m,30m,1h",810,486,7,INJUSDT,15m,strict_6_12,75.0,10000.0,-6.0,12.0,14,0.857143,7.507362,61.044287,6.104429,9.95137,3,robust_candidate
2026-05-26T09:15:18.751993+00:00,champion_low_tf,"TIAUSDT,INJUSDT,NEARUSDT","15m,30m,1h",810,486,8,INJUSDT,15m,strict_6_12,70.0,3000.0,-6.0,12.0,17,0.823529,5.672645,59.167604,5.91676,10.395338,3,robust_candidate
2026-05-26T09:15:18.751993+00:00,champion_low_tf,"TIAUSDT,INJUSDT,NEARUSDT","15m,30m,1h",810,486,9,INJUSDT,15m,wide_8_16,75.0,3000.0,-8.0,16.0,11,0.909091,21.745816,58.943994,5.894399,11.486436,3,robust_candidate
2026-05-26T09:15:18.751993+00:00,champion_low_tf,"TIAUSDT,INJUSDT,NEARUSDT","15m,30m,1h",810,486,10,INJUSDT,15m,wide_8_16,75.0,5000.0,-8.0,16.0,11,0.909091,21.841368,58.940016,5.894002,11.486436,3,robust_candidate
2026-05-26T09:15:18.751993+00:00,champion_low_tf,"TIAUSDT,INJUSDT,NEARUSDT","15m,30m,1h",810,486,11,INJUSDT,15m,strict_6_12,80.0,10000.0,-6.0,12.0,13,0.846154,7.119802,57.769137,5.776914,9.95137,3,robust_candidate
2026-05-26T09:15:18.751993+00:00,champion_low_tf,"TIAUSDT,INJUSDT,NEARUSDT","15m,30m,1h",810,486,12,INJUSDT,15m,strict_6_12,70.0,10000.0,-6.0,12.0,15,0.8,4.901965,56.275826,5.627583,10.568176,3,robust_candidate
2026-05-26T09:15:18.751993+00:00,champion_low_tf,"TIAUSDT,INJUSDT,NEARUSDT","15m,30m,1h",810,486,13,INJUSDT,15m,wide_8_16,75.0,10000.0,-8.0,16.0,11,0.909091,29.494887,56.13685,5.613685,11.46997,3,robust_candidate
2026-05-26T09:15:18.751993+00:00,champion_low_tf,"TIAUSDT,INJUSDT,NEARUSDT","15m,30m,1h",810,486,14,INJUSDT,15m,wide_8_16,80.0,10000.0,-8.0,16.0,10,0.9,29.240276,55.795651,5.579565,11.46997,3,robust_candidate
2026-05-26T09:15:18.751993+00:00,champion_low_tf,"TIAUSDT,INJUSDT,NEARUSDT","15m,30m,1h",810,486,15,INJUSDT,15m,strict_6_12,70.0,5000.0,-6.0,12.0,16,0.8125,5.296299,54.665323,5.466532,9.89877,3,robust_candidate
2026-05-26T09:15:41.198478+00:00,champion_high_tf,"TIAUSDT,INJUSDT,NEARUSDT","2h,3h,4h,5h,6h",1080,73,1,TIAUSDT,2h,mid_5_10,65.0,3000.0,-5.0,10.0,16,0.6875,2.424618,32.49924,3.249924,13.316499,3,robust_candidate
2026-05-26T09:15:41.198478+00:00,champion_high_tf,"TIAUSDT,INJUSDT,NEARUSDT","2h,3h,4h,5h,6h",1080,73,2,TIAUSDT,2h,mid_5_10,65.0,5000.0,-5.0,10.0,16,0.6875,2.424618,32.49924,3.249924,13.316499,3,robust_candidate
2026-05-26T09:15:41.198478+00:00,champion_high_tf,"TIAUSDT,INJUSDT,NEARUSDT","2h,3h,4h,5h,6h",1080,73,3,TIAUSDT,2h,mid_5_10,65.0,10000.0,-5.0,10.0,16,0.6875,2.424618,32.49924,3.249924,13.316499,3,robust_candidate
2026-05-26T09:15:41.198478+00:00,champion_high_tf,"TIAUSDT,INJUSDT,NEARUSDT","2h,3h,4h,5h,6h",1080,73,4,TIAUSDT,2h,strict_6_12,65.0,3000.0,-6.0,12.0,8,0.75,3.814456,32.154457,3.215446,12.506136,3,robust_candidate
2026-05-26T09:15:41.198478+00:00,champion_high_tf,"TIAUSDT,INJUSDT,NEARUSDT","2h,3h,4h,5h,6h",1080,73,5,TIAUSDT,2h,strict_6_12,65.0,5000.0,-6.0,12.0,8,0.75,3.814456,32.154457,3.215446,12.506136,3,robust_candidate
2026-05-26T09:15:41.198478+00:00,champion_high_tf,"TIAUSDT,INJUSDT,NEARUSDT","2h,3h,4h,5h,6h",1080,73,6,TIAUSDT,2h,strict_6_12,65.0,10000.0,-6.0,12.0,8,0.75,3.814456,32.154457,3.215446,12.506136,3,robust_candidate
2026-05-26T09:15:41.198478+00:00,champion_high_tf,"TIAUSDT,INJUSDT,NEARUSDT","2h,3h,4h,5h,6h",1080,73,7,TIAUSDT,2h,mid_5_10,70.0,3000.0,-5.0,10.0,14,0.642857,2.229111,29.512325,2.951232,12.014142,2,robust_candidate
2026-05-26T09:15:41.198478+00:00,champion_high_tf,"TIAUSDT,INJUSDT,NEARUSDT","2h,3h,4h,5h,6h",1080,73,8,TIAUSDT,2h,mid_5_10,70.0,5000.0,-5.0,10.0,14,0.642857,2.229111,29.512325,2.951232,12.014142,2,robust_candidate
2026-05-26T09:15:41.198478+00:00,champion_high_tf,"TIAUSDT,INJUSDT,NEARUSDT","2h,3h,4h,5h,6h",1080,73,9,TIAUSDT,3h,frequent_3_6,65.0,3000.0,-3.0,6.0,16,0.6875,3.950283,28.548552,2.854855,6.739995,3,robust_candidate
2026-05-26T09:15:41.198478+00:00,champion_high_tf,"TIAUSDT,INJUSDT,NEARUSDT","2h,3h,4h,5h,6h",1080,73,10,TIAUSDT,3h,frequent_3_6,65.0,5000.0,-3.0,6.0,15,0.666667,3.533337,27.190971,2.719097,6.739995,3,robust_candidate
2026-05-26T09:15:41.198478+00:00,champion_high_tf,"TIAUSDT,INJUSDT,NEARUSDT","2h,3h,4h,5h,6h",1080,73,11,TIAUSDT,3h,strict_6_12,65.0,3000.0,-6.0,12.0,8,0.875,4.829765,26.432497,2.64325,10.659782,3,robust_candidate
2026-05-26T09:15:41.198478+00:00,champion_high_tf,"TIAUSDT,INJUSDT,NEARUSDT","2h,3h,4h,5h,6h",1080,73,12,TIAUSDT,3h,strict_6_12,65.0,5000.0,-6.0,12.0,8,0.875,4.829765,26.432497,2.64325,10.659782,3,robust_candidate
2026-05-26T09:15:41.198478+00:00,champion_high_tf,"TIAUSDT,INJUSDT,NEARUSDT","2h,3h,4h,5h,6h",1080,73,13,TIAUSDT,3h,strict_6_12,65.0,10000.0,-6.0,12.0,8,0.875,4.829765,26.432497,2.64325,10.659782,3,robust_candidate
2026-05-26T09:15:41.198478+00:00,champion_high_tf,"TIAUSDT,INJUSDT,NEARUSDT","2h,3h,4h,5h,6h",1080,73,14,TIAUSDT,2h,mid_5_10,70.0,10000.0,-5.0,10.0,13,0.615385,2.0732,26.295481,2.629548,15.208376,2,robust_candidate
2026-05-26T09:15:41.198478+00:00,champion_high_tf,"TIAUSDT,INJUSDT,NEARUSDT","2h,3h,4h,5h,6h",1080,73,15,TIAUSDT,3h,balanced_4_8,65.0,10000.0,-4.0,8.0,12,0.75,4.21858,26.019633,2.601963,7.431582,3,robust_candidate
