timestamp,direction,strategy_name,symbols,entries,closed_trades,win_rate,profit_factor,pnl_total_usd,max_drawdown_usd,avg_mfe_pct,stop_loss_hit_rate,status
2026-05-24T19:30:21.454728,short,fast_4_6_trail_2_1,"1000SATSUSDT,ORDIUSDT,JUPUSDT",6,6,0.833333,86.022847,9.086716,3.8095,,,not_validated
2026-05-24T19:30:21.454728,short,balanced_6_8_trail_4_2,"1000SATSUSDT,ORDIUSDT,JUPUSDT",6,5,1.0,unbounded_no_losses,20.130557,3.960284,,,not_validated
2026-05-24T19:30:21.454728,short,current_8_10_trail_4_2,"1000SATSUSDT,ORDIUSDT,JUPUSDT",6,4,1.0,unbounded_no_losses,20.115825,3.960284,,,not_validated
2026-05-24T19:30:21.454728,short,wide_10_12_trail_6_3,"1000SATSUSDT,ORDIUSDT,JUPUSDT",5,3,1.0,unbounded_no_losses,22.405164,4.576105,,,not_validated
2026-05-24T19:30:21.454728,long,long_quick_scalp_70,"1000SATSUSDT,ORDIUSDT,JUPUSDT",6,6,0.333333,0.251317,-8.785805,9.363773,1.489725,0.666667,directional_probe
2026-05-24T19:30:21.454728,long,long_momentum_balanced_70,"1000SATSUSDT,ORDIUSDT,JUPUSDT",6,6,0.166667,0.053476,-18.259821,14.085821,1.489725,0.833333,directional_probe
2026-05-24T19:30:21.454728,long,long_strict_momentum_80,"1000SATSUSDT,ORDIUSDT,JUPUSDT",3,2,0.0,0.0,-13.65291,9.507125,1.5625,1.0,directional_probe
2026-05-24T19:30:21.454728,long,long_high_volume_breakout_75,"1000SATSUSDT,ORDIUSDT,JUPUSDT",0,0,,,0.0,0.0,,,directional_probe
2026-05-24T19:31:37.691744,short,fast_4_6_trail_2_1,"1000SATSUSDT,ORDIUSDT,JUPUSDT",6,6,0.833333,86.022847,9.086716,3.8095,,,not_validated
2026-05-24T19:31:37.691744,short,balanced_6_8_trail_4_2,"1000SATSUSDT,ORDIUSDT,JUPUSDT",6,5,1.0,unbounded_no_losses,20.130557,3.960284,,,not_validated
2026-05-24T19:31:37.691744,short,current_8_10_trail_4_2,"1000SATSUSDT,ORDIUSDT,JUPUSDT",6,4,1.0,unbounded_no_losses,20.115825,3.960284,,,not_validated
2026-05-24T19:31:37.691744,short,wide_10_12_trail_6_3,"1000SATSUSDT,ORDIUSDT,JUPUSDT",5,3,1.0,unbounded_no_losses,22.405164,4.576105,,,not_validated
2026-05-24T19:31:37.691744,long,long_quick_scalp_70,"1000SATSUSDT,ORDIUSDT,JUPUSDT",6,6,0.333333,0.251317,-8.785805,9.363773,1.489725,0.666667,directional_probe
2026-05-24T19:31:37.691744,long,long_momentum_balanced_70,"1000SATSUSDT,ORDIUSDT,JUPUSDT",6,6,0.166667,0.053476,-18.259821,14.085821,1.489725,0.833333,directional_probe
2026-05-24T19:31:37.691744,long,long_strict_momentum_80,"1000SATSUSDT,ORDIUSDT,JUPUSDT",3,2,0.0,0.0,-13.65291,9.507125,1.5625,1.0,directional_probe
2026-05-24T19:31:37.691744,long,long_high_volume_breakout_75,"1000SATSUSDT,ORDIUSDT,JUPUSDT",0,0,,,0.0,0.0,,,directional_probe
2026-05-24T19:31:37.691744,long_pullback,long_pullback_2_tp4_sl3,"1000SATSUSDT,ORDIUSDT,JUPUSDT",6,5,0.2,0.053115,-9.486194,7.30029,,,pullback_probe
2026-05-24T19:31:37.691744,long_pullback,long_pullback_3_tp6_sl4,"1000SATSUSDT,ORDIUSDT,JUPUSDT",5,3,0.666667,1.214772,0.981003,6.141251,,,pullback_probe
2026-05-24T19:31:37.691744,long_pullback,long_pullback_5_tp8_sl5,"1000SATSUSDT,ORDIUSDT,JUPUSDT",4,3,0.666667,1.203988,0.745052,5.781545,,,pullback_probe
2026-05-24T19:31:53.390213,short,fast_4_6_trail_2_1,"1000SATSUSDT,ORDIUSDT,JUPUSDT,ARBUSDT,OPUSDT,SEIUSDT,WLDUSDT,TIAUSDT",30,28,0.785714,2.064253,17.642574,10.056358,,,promising_needs_more_trades
2026-05-24T19:31:53.390213,short,balanced_6_8_trail_4_2,"1000SATSUSDT,ORDIUSDT,JUPUSDT,ARBUSDT,OPUSDT,SEIUSDT,WLDUSDT,TIAUSDT",26,22,0.818182,4.780464,56.41706,11.905508,,,promising_needs_more_trades
2026-05-24T19:31:53.390213,short,current_8_10_trail_4_2,"1000SATSUSDT,ORDIUSDT,JUPUSDT,ARBUSDT,OPUSDT,SEIUSDT,WLDUSDT,TIAUSDT",26,21,0.809524,3.525541,49.695161,10.392134,,,promising_needs_more_trades
2026-05-24T19:31:53.390213,short,wide_10_12_trail_6_3,"1000SATSUSDT,ORDIUSDT,JUPUSDT,ARBUSDT,OPUSDT,SEIUSDT,WLDUSDT,TIAUSDT",22,16,0.8125,2.932052,36.923501,12.446246,,,promising_needs_more_trades
2026-05-24T19:31:53.390213,long,long_quick_scalp_70,"1000SATSUSDT,ORDIUSDT,JUPUSDT,ARBUSDT,OPUSDT,SEIUSDT,WLDUSDT,TIAUSDT",37,36,0.5,0.260443,-25.782151,12.041049,1.845996,0.5,directional_probe
2026-05-24T19:31:53.390213,long,long_momentum_balanced_70,"1000SATSUSDT,ORDIUSDT,JUPUSDT,ARBUSDT,OPUSDT,SEIUSDT,WLDUSDT,TIAUSDT",29,27,0.407407,0.225592,-33.011796,16.744269,2.674374,0.592593,directional_probe
2026-05-24T19:31:53.390213,long,long_strict_momentum_80,"1000SATSUSDT,ORDIUSDT,JUPUSDT,ARBUSDT,OPUSDT,SEIUSDT,WLDUSDT,TIAUSDT",11,10,0.5,0.348941,-14.250972,9.951146,3.890816,0.5,directional_probe
2026-05-24T19:31:53.390213,long,long_high_volume_breakout_75,"1000SATSUSDT,ORDIUSDT,JUPUSDT,ARBUSDT,OPUSDT,SEIUSDT,WLDUSDT,TIAUSDT",7,6,0.666667,1.760548,6.091832,8.269412,6.209719,0.166667,directional_probe
2026-05-24T19:31:53.390213,long_pullback,long_pullback_2_tp4_sl3,"1000SATSUSDT,ORDIUSDT,JUPUSDT,ARBUSDT,OPUSDT,SEIUSDT,WLDUSDT,TIAUSDT",21,20,0.35,0.30894,-17.720828,9.73453,,,pullback_probe
2026-05-24T19:31:53.390213,long_pullback,long_pullback_3_tp6_sl4,"1000SATSUSDT,ORDIUSDT,JUPUSDT,ARBUSDT,OPUSDT,SEIUSDT,WLDUSDT,TIAUSDT",18,15,0.4,0.278884,-15.739248,11.580927,,,pullback_probe
2026-05-24T19:31:53.390213,long_pullback,long_pullback_5_tp8_sl5,"1000SATSUSDT,ORDIUSDT,JUPUSDT,ARBUSDT,OPUSDT,SEIUSDT,WLDUSDT,TIAUSDT",17,14,0.428571,0.228131,-22.648933,14.631604,,,pullback_probe
2026-05-24T19:37:03.698776,short,fast_4_6_trail_2_1,"1000SATSUSDT,ORDIUSDT,JUPUSDT,ARBUSDT,OPUSDT,SEIUSDT,WLDUSDT,TIAUSDT",30,28,0.785714,2.064253,17.642574,10.056358,,,promising_needs_more_trades
2026-05-24T19:37:03.698776,short,balanced_6_8_trail_4_2,"1000SATSUSDT,ORDIUSDT,JUPUSDT,ARBUSDT,OPUSDT,SEIUSDT,WLDUSDT,TIAUSDT",26,22,0.818182,4.780464,56.41706,11.905508,,,promising_needs_more_trades
2026-05-24T19:37:03.698776,short,current_8_10_trail_4_2,"1000SATSUSDT,ORDIUSDT,JUPUSDT,ARBUSDT,OPUSDT,SEIUSDT,WLDUSDT,TIAUSDT",26,21,0.809524,3.525541,49.695161,10.392134,,,promising_needs_more_trades
2026-05-24T19:37:03.698776,short,wide_10_12_trail_6_3,"1000SATSUSDT,ORDIUSDT,JUPUSDT,ARBUSDT,OPUSDT,SEIUSDT,WLDUSDT,TIAUSDT",22,16,0.8125,2.932052,36.923501,12.446246,,,promising_needs_more_trades
2026-05-24T19:37:03.698776,long,long_quick_scalp_70,"1000SATSUSDT,ORDIUSDT,JUPUSDT,ARBUSDT,OPUSDT,SEIUSDT,WLDUSDT,TIAUSDT",37,36,0.5,0.260443,-25.782151,12.041049,1.845996,0.5,directional_probe
2026-05-24T19:37:03.698776,long,long_momentum_balanced_70,"1000SATSUSDT,ORDIUSDT,JUPUSDT,ARBUSDT,OPUSDT,SEIUSDT,WLDUSDT,TIAUSDT",29,27,0.407407,0.225592,-33.011796,16.744269,2.674374,0.592593,directional_probe
2026-05-24T19:37:03.698776,long,long_strict_momentum_80,"1000SATSUSDT,ORDIUSDT,JUPUSDT,ARBUSDT,OPUSDT,SEIUSDT,WLDUSDT,TIAUSDT",11,10,0.5,0.348941,-14.250972,9.951146,3.890816,0.5,directional_probe
2026-05-24T19:37:03.698776,long,long_high_volume_breakout_75,"1000SATSUSDT,ORDIUSDT,JUPUSDT,ARBUSDT,OPUSDT,SEIUSDT,WLDUSDT,TIAUSDT",7,6,0.666667,1.760548,6.091832,8.269412,6.209719,0.166667,directional_probe
2026-05-24T19:37:03.698776,long_pullback,long_pullback_2_tp4_sl3,"1000SATSUSDT,ORDIUSDT,JUPUSDT,ARBUSDT,OPUSDT,SEIUSDT,WLDUSDT,TIAUSDT",21,20,0.35,0.30894,-17.720828,9.73453,,,pullback_probe
2026-05-24T19:37:03.698776,long_pullback,long_pullback_3_tp6_sl4,"1000SATSUSDT,ORDIUSDT,JUPUSDT,ARBUSDT,OPUSDT,SEIUSDT,WLDUSDT,TIAUSDT",18,15,0.4,0.278884,-15.739248,11.580927,,,pullback_probe
2026-05-24T19:37:03.698776,long_pullback,long_pullback_5_tp8_sl5,"1000SATSUSDT,ORDIUSDT,JUPUSDT,ARBUSDT,OPUSDT,SEIUSDT,WLDUSDT,TIAUSDT",17,14,0.428571,0.228131,-22.648933,14.631604,,,pullback_probe
2026-05-24T19:37:43.802129,short,fast_4_6_trail_2_1,"1000SATSUSDT,ORDIUSDT,JUPUSDT,ARBUSDT,OPUSDT,SEIUSDT,WLDUSDT,TIAUSDT",30,28,0.785714,2.064253,17.642574,10.056358,,,promising_needs_more_trades
2026-05-24T19:37:43.802129,short,balanced_6_8_trail_4_2,"1000SATSUSDT,ORDIUSDT,JUPUSDT,ARBUSDT,OPUSDT,SEIUSDT,WLDUSDT,TIAUSDT",26,22,0.818182,4.780464,56.41706,11.905508,,,promising_needs_more_trades
2026-05-24T19:37:43.802129,short,current_8_10_trail_4_2,"1000SATSUSDT,ORDIUSDT,JUPUSDT,ARBUSDT,OPUSDT,SEIUSDT,WLDUSDT,TIAUSDT",26,21,0.809524,3.525541,49.695161,10.392134,,,promising_needs_more_trades
2026-05-24T19:37:43.802129,short,wide_10_12_trail_6_3,"1000SATSUSDT,ORDIUSDT,JUPUSDT,ARBUSDT,OPUSDT,SEIUSDT,WLDUSDT,TIAUSDT",22,16,0.8125,2.932052,36.923501,12.446246,,,promising_needs_more_trades
2026-05-24T19:37:43.802129,long,long_quick_scalp_70,"1000SATSUSDT,ORDIUSDT,JUPUSDT,ARBUSDT,OPUSDT,SEIUSDT,WLDUSDT,TIAUSDT",37,36,0.5,0.260443,-25.782151,12.041049,1.845996,0.5,directional_probe
2026-05-24T19:37:43.802129,long,long_momentum_balanced_70,"1000SATSUSDT,ORDIUSDT,JUPUSDT,ARBUSDT,OPUSDT,SEIUSDT,WLDUSDT,TIAUSDT",29,27,0.407407,0.225592,-33.011796,16.744269,2.674374,0.592593,directional_probe
2026-05-24T19:37:43.802129,long,long_strict_momentum_80,"1000SATSUSDT,ORDIUSDT,JUPUSDT,ARBUSDT,OPUSDT,SEIUSDT,WLDUSDT,TIAUSDT",11,10,0.5,0.348941,-14.250972,9.951146,3.890816,0.5,directional_probe
2026-05-24T19:37:43.802129,long,long_high_volume_breakout_75,"1000SATSUSDT,ORDIUSDT,JUPUSDT,ARBUSDT,OPUSDT,SEIUSDT,WLDUSDT,TIAUSDT",7,6,0.666667,1.760548,6.091832,8.269412,6.209719,0.166667,directional_probe
2026-05-24T19:37:43.802129,long,long_high_volume_scalp_75,"1000SATSUSDT,ORDIUSDT,JUPUSDT,ARBUSDT,OPUSDT,SEIUSDT,WLDUSDT,TIAUSDT",11,11,0.636364,1.541528,3.760301,4.890749,2.973691,0.363636,directional_probe
2026-05-24T19:37:43.802129,long,long_extreme_volume_breakout_80,"1000SATSUSDT,ORDIUSDT,JUPUSDT,ARBUSDT,OPUSDT,SEIUSDT,WLDUSDT,TIAUSDT",5,5,0.6,0.768279,-2.028128,6.748119,4.896135,0.4,directional_probe
2026-05-24T19:37:43.802129,long,long_whale_volume_breakout_75,"1000SATSUSDT,ORDIUSDT,JUPUSDT,ARBUSDT,OPUSDT,SEIUSDT,WLDUSDT,TIAUSDT",7,7,0.714286,1.136355,0.984754,7.320336,4.067135,0.285714,directional_probe
2026-05-24T19:37:43.802129,long_pullback,long_pullback_2_tp4_sl3,"1000SATSUSDT,ORDIUSDT,JUPUSDT,ARBUSDT,OPUSDT,SEIUSDT,WLDUSDT,TIAUSDT",21,20,0.35,0.30894,-17.720828,9.73453,,,pullback_probe
2026-05-24T19:37:43.802129,long_pullback,long_pullback_3_tp6_sl4,"1000SATSUSDT,ORDIUSDT,JUPUSDT,ARBUSDT,OPUSDT,SEIUSDT,WLDUSDT,TIAUSDT",18,15,0.4,0.278884,-15.739248,11.580927,,,pullback_probe
2026-05-24T19:37:43.802129,long_pullback,long_pullback_5_tp8_sl5,"1000SATSUSDT,ORDIUSDT,JUPUSDT,ARBUSDT,OPUSDT,SEIUSDT,WLDUSDT,TIAUSDT",17,14,0.428571,0.228131,-22.648933,14.631604,,,pullback_probe
