timestamp,mode,symbols,rows_inserted,deduped_rows,would_insert_rows,health_status,forward_pnl_usd,forward_win_rate,ledger_total_entries,ledger_total_exits,ledger_win_rate,ledger_profit_factor,ledger_net_pnl_usd,ledger_max_drawdown_usd,inj_entries,inj_closed,inj_pnl_usd,near_entries,near_closed,near_pnl_usd,tia_entries,tia_closed,tia_pnl_usd
2026-05-24T19:25:36.769227,dry_run,"INJUSDT,NEARUSDT,TIAUSDT",0,0,10,active,8.065938,0.75,10,5,0.8,2.841265,7.705056,6.714803,2,1,-2.603871,2,1,2.583814,2,2,8.085995
2026-05-24T19:31:12.478550+00:00,persist,"INJUSDT,NEARUSDT,TIAUSDT",0,10,0,active,6.285557,0.75,10,5,0.8,2.841265,7.705056,6.714803,2,1,-3.058658,2,1,1.25822,2,2,8.085995
2026-05-24T19:36:14.535727+00:00,persist,"INJUSDT,NEARUSDT,TIAUSDT",2,8,0,active,6.590348,0.75,11,6,0.833333,3.623743,10.979453,6.714803,2,1,-3.07434,2,1,1.578693,2,2,8.085995
2026-05-24T19:41:16.183254+00:00,persist,"INJUSDT,NEARUSDT,TIAUSDT",2,8,0,active,6.477098,0.75,12,7,0.857143,4.580936,14.984974,6.714803,2,1,-3.591857,2,1,1.98296,2,2,8.085995
2026-05-24T19:46:17.812811+00:00,persist,"INJUSDT,NEARUSDT,TIAUSDT",2,8,0,active,5.594687,0.75,13,8,0.875,5.192943,17.546012,6.714803,2,1,-3.419351,2,1,0.928043,2,2,8.085995
2026-05-24T19:51:20.107739+00:00,persist,"INJUSDT,NEARUSDT,TIAUSDT",1,7,0,active,6.082548,0.666667,14,8,0.875,5.192943,17.546012,6.714803,2,1,-3.27821,1,0,1.274763,2,2,8.085995
2026-05-24T19:56:22.072888+00:00,persist,"INJUSDT,NEARUSDT,TIAUSDT",0,8,0,active,6.09823,0.666667,14,8,0.875,5.192943,17.546012,6.714803,2,1,-3.262528,1,0,1.274763,2,2,8.085995
2026-05-24T20:01:24.895488+00:00,persist,"INJUSDT,NEARUSDT,TIAUSDT",0,8,0,active,5.501356,0.666667,14,8,0.875,5.192943,17.546012,6.714803,2,1,-3.623221,1,0,1.038582,2,2,8.085995
2026-05-24T20:02:48.548550+00:00,persist,"INJUSDT,NEARUSDT,TIAUSDT",0,8,0,active,5.338061,0.666667,14,8,0.875,5.192943,17.546012,6.714803,2,1,-3.638903,1,0,0.890969,2,2,8.085995
2026-05-24T20:07:50.720457+00:00,persist,"INJUSDT,NEARUSDT,TIAUSDT",0,8,0,active,5.708014,0.666667,14,8,0.875,5.192943,17.546012,6.714803,2,1,-3.623221,1,0,1.24524,2,2,8.085995
2026-05-24T20:12:53.034835+00:00,persist,"INJUSDT,NEARUSDT,TIAUSDT",0,8,0,active,6.15638,0.666667,14,8,0.875,5.192943,17.546012,6.714803,2,1,-3.529127,1,0,1.599512,2,2,8.085995
2026-05-24T20:17:54.690278+00:00,persist,"INJUSDT,NEARUSDT,TIAUSDT",0,8,0,active,6.29752,0.666667,14,8,0.875,5.192943,17.546012,6.714803,2,1,-3.387987,1,0,1.599512,2,2,8.085995
2026-05-24T20:22:56.510129+00:00,persist,"INJUSDT,NEARUSDT,TIAUSDT",0,8,0,active,6.36025,0.666667,14,8,0.875,5.192943,17.546012,6.714803,2,1,-3.325257,1,0,1.599512,2,2,8.085995
2026-05-24T20:27:58.801770+00:00,persist,"INJUSDT,NEARUSDT,TIAUSDT",0,8,0,active,6.422979,0.666667,14,8,0.875,5.192943,17.546012,6.714803,2,1,-3.262528,1,0,1.599512,2,2,8.085995
2026-05-24T20:33:01.099001+00:00,persist,"INJUSDT,NEARUSDT,TIAUSDT",0,8,0,active,6.926705,0.666667,14,8,0.875,5.192943,17.546012,6.714803,2,1,-3.231163,1,0,2.071873,2,2,8.085995
2026-05-24T20:38:02.756399+00:00,persist,"INJUSDT,NEARUSDT,TIAUSDT",0,8,0,active,6.837191,0.666667,14,8,0.875,5.192943,17.546012,6.714803,2,1,-2.995929,1,0,1.747125,2,2,8.085995
2026-05-24T20:39:40.691921+00:00,dry_run,"INJUSDT,NEARUSDT,TIAUSDT",0,0,0,active,0.0,,14,8,0.875,5.192943,17.546012,6.714803,0,0,,0,0,,0,0,
2026-05-24T20:40:13.167029+00:00,dry_run,"INJUSDT,NEARUSDT,TIAUSDT",0,0,0,active,0.0,,14,8,0.875,5.192943,17.546012,6.714803,0,0,1.207538,0,0,1.505653,0,0,
2026-05-24T20:42:34.625855+00:00,persist,"INJUSDT,NEARUSDT,TIAUSDT",1,0,0,active,0.0,,14,8,0.875,5.192943,17.546012,6.714803,0,0,1.301632,0,0,1.505653,0,0,
2026-05-24T20:47:36.157367+00:00,persist,"INJUSDT,NEARUSDT,TIAUSDT",2,0,0,active,0.0,,14,8,0.875,5.192943,17.546012,6.714803,0,0,1.442772,0,0,2.184673,0,0,
2026-05-24T20:52:37.881320+00:00,persist,"INJUSDT,NEARUSDT,TIAUSDT",1,0,0,active,0.0,,14,8,0.875,5.192943,17.546012,6.714803,0,0,1.191855,0,0,2.184673,0,0,
2026-05-24T20:57:40.446500+00:00,persist,"INJUSDT,NEARUSDT,TIAUSDT",2,0,0,active,0.0,,14,8,0.875,5.192943,17.546012,6.714803,0,0,1.380043,0,0,2.155151,0,0,
