timestamp,strategy_id,mode,symbols,allowed_entry_utc_hours,persist_allowed,health_status,rows_inserted,deduped_rows,would_insert_rows,closed_in_session,realized_pnl_session,session_win_rate,active_positions_count,active_unrealized_pnl_usd,new_trades_replayed_total,ledger_total_entries,ledger_total_exits,ledger_win_rate,ledger_profit_factor,ledger_net_pnl_usd,ledger_max_drawdown_usd,failed_symbols_count
2026-05-26T09:01:19.344088+00:00,baseline,dry_run,"INJUSDT,NEARUSDT,TIAUSDT",,False,active,0,0,2,0,0.0,,2,-2.29973,408,20,14,0.714286,5.874411,29.946425,6.714803,0
2026-05-26T09:01:19.976185+00:00,regime_filtered,dry_run,"INJUSDT,NEARUSDT,TIAUSDT","0-12,14-18,21-23",True,active,0,0,2,0,0.0,,2,-2.29973,408,20,14,0.714286,5.874411,29.946425,6.714803,0
2026-05-26T09:01:20.607908+00:00,utc_01_cluster,dry_run,"INJUSDT,NEARUSDT,TIAUSDT",1,False,active,0,0,2,0,0.0,,2,-2.29973,408,20,14,0.714286,5.874411,29.946425,6.714803,0
2026-05-26T09:17:42.328580+00:00,baseline,dry_run,"INJUSDT,NEARUSDT,TIAUSDT",,False,active,0,0,1,0,0.0,,2,-1.162327,413,20,14,0.714286,5.874411,29.946425,6.714803,0
2026-05-26T09:17:42.970231+00:00,regime_filtered,persist,"INJUSDT,NEARUSDT,TIAUSDT","0-12,14-18,21-23",True,active,1,0,0,0,0.0,,2,-1.162327,413,20,14,0.714286,5.874411,29.946425,6.714803,0
2026-05-26T09:17:43.611507+00:00,utc_01_cluster,dry_run,"INJUSDT,NEARUSDT,TIAUSDT",1,False,active,0,0,0,0,0.0,,2,-1.162327,406,20,14,0.714286,5.874411,29.946425,6.714803,0
2026-05-26T09:22:45.626683+00:00,baseline,dry_run,"INJUSDT,NEARUSDT,TIAUSDT",,False,active,0,0,2,0,0.0,,2,-0.817017,430,20,14,0.714286,5.874411,29.946425,6.714803,0
2026-05-26T09:22:46.296524+00:00,regime_filtered,persist,"INJUSDT,NEARUSDT,TIAUSDT","0-12,14-18,21-23",True,active,2,0,0,0,0.0,,2,-0.817017,430,20,14,0.714286,5.874411,29.946425,6.714803,0
2026-05-26T09:22:46.938963+00:00,utc_01_cluster,dry_run,"INJUSDT,NEARUSDT,TIAUSDT",1,False,active,0,0,0,0,0.0,,2,-0.817017,407,20,14,0.714286,5.874411,29.946425,6.714803,0
2026-05-26T09:27:48.472306+00:00,baseline,dry_run,"INJUSDT,NEARUSDT,TIAUSDT",,False,active,0,0,2,0,0.0,,2,-1.417012,417,20,14,0.714286,5.874411,29.946425,6.714803,0
2026-05-26T09:27:49.121428+00:00,regime_filtered,persist,"INJUSDT,NEARUSDT,TIAUSDT","0-12,14-18,21-23",True,active,2,0,0,0,0.0,,2,-1.417012,417,20,14,0.714286,5.874411,29.946425,6.714803,0
2026-05-26T09:27:49.756231+00:00,utc_01_cluster,dry_run,"INJUSDT,NEARUSDT,TIAUSDT",1,False,active,0,0,0,0,0.0,,2,-1.417012,408,20,14,0.714286,5.874411,29.946425,6.714803,0
2026-05-26T09:32:51.833317+00:00,baseline,dry_run,"INJUSDT,NEARUSDT,TIAUSDT",,False,active,0,0,2,0,0.0,,2,-1.498383,419,20,14,0.714286,5.874411,29.946425,6.714803,0
2026-05-26T09:32:52.476735+00:00,regime_filtered,persist,"INJUSDT,NEARUSDT,TIAUSDT","0-12,14-18,21-23",True,active,2,0,0,0,0.0,,2,-1.498383,419,20,14,0.714286,5.874411,29.946425,6.714803,0
2026-05-26T09:32:53.111993+00:00,utc_01_cluster,dry_run,"INJUSDT,NEARUSDT,TIAUSDT",1,False,active,0,0,0,0,0.0,,2,-1.498383,408,20,14,0.714286,5.874411,29.946425,6.714803,0
2026-05-26T09:37:55.080386+00:00,baseline,dry_run,"INJUSDT,NEARUSDT,TIAUSDT",,False,active,0,0,1,0,0.0,,2,-0.958425,415,20,14,0.714286,5.874411,29.946425,6.714803,0
2026-05-26T09:37:55.725254+00:00,regime_filtered,persist,"INJUSDT,NEARUSDT,TIAUSDT","0-12,14-18,21-23",True,active,1,0,0,0,0.0,,2,-0.958425,415,20,14,0.714286,5.874411,29.946425,6.714803,0
2026-05-26T09:37:56.358345+00:00,utc_01_cluster,dry_run,"INJUSDT,NEARUSDT,TIAUSDT",1,False,active,0,0,0,0,0.0,,2,-0.958425,408,20,14,0.714286,5.874411,29.946425,6.714803,0
2026-05-26T09:42:57.894989+00:00,baseline,dry_run,"INJUSDT,NEARUSDT,TIAUSDT",,False,active,0,0,2,0,0.0,,2,-1.914866,425,20,14,0.714286,5.874411,29.946425,6.714803,0
2026-05-26T09:42:58.556547+00:00,regime_filtered,persist,"INJUSDT,NEARUSDT,TIAUSDT","0-12,14-18,21-23",True,active,2,0,0,0,0.0,,2,-1.914866,425,20,14,0.714286,5.874411,29.946425,6.714803,0
2026-05-26T09:42:59.189179+00:00,utc_01_cluster,dry_run,"INJUSDT,NEARUSDT,TIAUSDT",1,False,active,0,0,0,0,0.0,,2,-1.914866,408,20,14,0.714286,5.874411,29.946425,6.714803,0
2026-05-26T09:48:00.678209+00:00,baseline,dry_run,"INJUSDT,NEARUSDT,TIAUSDT",,False,active,0,0,2,0,0.0,,2,-1.755428,413,20,14,0.714286,5.874411,29.946425,6.714803,0
2026-05-26T09:48:01.323142+00:00,regime_filtered,persist,"INJUSDT,NEARUSDT,TIAUSDT","0-12,14-18,21-23",True,active,2,0,0,0,0.0,,2,-1.755428,413,20,14,0.714286,5.874411,29.946425,6.714803,0
2026-05-26T09:48:01.959436+00:00,utc_01_cluster,dry_run,"INJUSDT,NEARUSDT,TIAUSDT",1,False,active,0,0,0,0,0.0,,2,-1.755428,408,20,14,0.714286,5.874411,29.946425,6.714803,0
2026-05-26T09:53:03.683506+00:00,baseline,dry_run,"INJUSDT,NEARUSDT,TIAUSDT",,False,active,0,0,2,0,0.0,,2,-2.087238,445,20,14,0.714286,5.874411,29.946425,6.714803,0
2026-05-26T09:53:04.345058+00:00,regime_filtered,persist,"INJUSDT,NEARUSDT,TIAUSDT","0-12,14-18,21-23",True,active,2,0,0,0,0.0,,2,-2.087238,445,20,14,0.714286,5.874411,29.946425,6.714803,0
2026-05-26T09:53:04.982383+00:00,utc_01_cluster,dry_run,"INJUSDT,NEARUSDT,TIAUSDT",1,False,active,0,0,0,0,0.0,,2,-2.087238,408,20,14,0.714286,5.874411,29.946425,6.714803,0
2026-05-26T09:58:06.502040+00:00,baseline,dry_run,"INJUSDT,NEARUSDT,TIAUSDT",,False,active,0,0,2,0,0.0,,2,-2.606239,424,20,14,0.714286,5.874411,29.946425,6.714803,0
2026-05-26T09:58:07.150156+00:00,regime_filtered,persist,"INJUSDT,NEARUSDT,TIAUSDT","0-12,14-18,21-23",True,active,2,0,0,0,0.0,,2,-2.606239,424,20,14,0.714286,5.874411,29.946425,6.714803,0
2026-05-26T09:58:07.787337+00:00,utc_01_cluster,dry_run,"INJUSDT,NEARUSDT,TIAUSDT",1,False,active,0,0,0,0,0.0,,2,-2.606239,408,20,14,0.714286,5.874411,29.946425,6.714803,0
2026-05-26T10:03:09.527271+00:00,baseline,dry_run,"INJUSDT,NEARUSDT,TIAUSDT",,False,active,0,0,2,0,0.0,,2,-2.649096,413,20,14,0.714286,5.874411,29.946425,6.714803,0
2026-05-26T10:03:10.175405+00:00,regime_filtered,persist,"INJUSDT,NEARUSDT,TIAUSDT","0-12,14-18,21-23",True,active,2,0,0,0,0.0,,2,-2.649096,413,20,14,0.714286,5.874411,29.946425,6.714803,0
2026-05-26T10:03:10.810210+00:00,utc_01_cluster,dry_run,"INJUSDT,NEARUSDT,TIAUSDT",1,False,active,0,0,0,0,0.0,,2,-2.649096,408,20,14,0.714286,5.874411,29.946425,6.714803,0
2026-05-26T10:08:12.953439+00:00,baseline,dry_run,"INJUSDT,NEARUSDT,TIAUSDT",,False,active,0,0,1,0,0.0,,2,-2.97307,411,20,14,0.714286,5.874411,29.946425,6.714803,0
2026-05-26T10:08:13.597787+00:00,regime_filtered,persist,"INJUSDT,NEARUSDT,TIAUSDT","0-12,14-18,21-23",True,active,1,0,0,0,0.0,,2,-2.97307,411,20,14,0.714286,5.874411,29.946425,6.714803,0
2026-05-26T10:08:14.231428+00:00,utc_01_cluster,dry_run,"INJUSDT,NEARUSDT,TIAUSDT",1,False,active,0,0,0,0,0.0,,2,-2.97307,408,20,14,0.714286,5.874411,29.946425,6.714803,0
2026-05-26T10:13:15.728567+00:00,baseline,dry_run,"INJUSDT,NEARUSDT,TIAUSDT",,False,active,0,0,2,0,0.0,,2,-1.779123,415,20,14,0.714286,5.874411,29.946425,6.714803,0
2026-05-26T10:13:16.385545+00:00,regime_filtered,persist,"INJUSDT,NEARUSDT,TIAUSDT","0-12,14-18,21-23",True,active,2,0,0,0,0.0,,2,-1.779123,415,20,14,0.714286,5.874411,29.946425,6.714803,0
2026-05-26T10:13:17.018633+00:00,utc_01_cluster,dry_run,"INJUSDT,NEARUSDT,TIAUSDT",1,False,active,0,0,0,0,0.0,,2,-1.779123,408,20,14,0.714286,5.874411,29.946425,6.714803,0
2026-05-26T10:18:19.085851+00:00,baseline,dry_run,"INJUSDT,NEARUSDT,TIAUSDT",,False,active,0,0,2,0,0.0,,2,-0.517115,421,20,14,0.714286,5.874411,29.946425,6.714803,0
2026-05-26T10:18:19.764219+00:00,regime_filtered,persist,"INJUSDT,NEARUSDT,TIAUSDT","0-12,14-18,21-23",True,active,2,0,0,0,0.0,,2,-0.517115,421,20,14,0.714286,5.874411,29.946425,6.714803,0
2026-05-26T10:18:20.409642+00:00,utc_01_cluster,dry_run,"INJUSDT,NEARUSDT,TIAUSDT",1,False,active,0,0,0,0,0.0,,2,-0.517115,408,20,14,0.714286,5.874411,29.946425,6.714803,0
2026-05-26T10:23:22.151807+00:00,baseline,dry_run,"INJUSDT,NEARUSDT,TIAUSDT",,False,active,0,0,2,0,0.0,,2,-0.249685,424,20,14,0.714286,5.874411,29.946425,6.714803,0
2026-05-26T10:23:22.799663+00:00,regime_filtered,persist,"INJUSDT,NEARUSDT,TIAUSDT","0-12,14-18,21-23",True,active,2,0,0,0,0.0,,2,-0.249685,424,20,14,0.714286,5.874411,29.946425,6.714803,0
2026-05-26T10:23:23.446243+00:00,utc_01_cluster,dry_run,"INJUSDT,NEARUSDT,TIAUSDT",1,False,active,0,0,0,0,0.0,,2,-0.249685,408,20,14,0.714286,5.874411,29.946425,6.714803,0
2026-05-26T10:28:25.152087+00:00,baseline,dry_run,"INJUSDT,NEARUSDT,TIAUSDT",,False,active,0,0,2,0,0.0,,2,0.777743,440,20,14,0.714286,5.874411,29.946425,6.714803,0
2026-05-26T10:28:25.803213+00:00,regime_filtered,persist,"INJUSDT,NEARUSDT,TIAUSDT","0-12,14-18,21-23",True,active,2,0,0,0,0.0,,2,0.777743,440,20,14,0.714286,5.874411,29.946425,6.714803,0
2026-05-26T10:28:26.443497+00:00,utc_01_cluster,dry_run,"INJUSDT,NEARUSDT,TIAUSDT",1,False,active,0,0,0,0,0.0,,2,0.777743,408,20,14,0.714286,5.874411,29.946425,6.714803,0
2026-05-26T10:33:27.985274+00:00,baseline,dry_run,"INJUSDT,NEARUSDT,TIAUSDT",,False,active,0,0,2,0,0.0,,2,2.333613,478,20,14,0.714286,5.874411,29.946425,6.714803,0
2026-05-26T10:33:28.640363+00:00,regime_filtered,persist,"INJUSDT,NEARUSDT,TIAUSDT","0-12,14-18,21-23",True,active,2,0,0,0,0.0,,2,2.333613,478,20,14,0.714286,5.874411,29.946425,6.714803,0
2026-05-26T10:33:29.274997+00:00,utc_01_cluster,dry_run,"INJUSDT,NEARUSDT,TIAUSDT",1,False,active,0,0,0,0,0.0,,2,2.333613,408,20,14,0.714286,5.874411,29.946425,6.714803,0
2026-05-26T10:38:31.218567+00:00,baseline,dry_run,"INJUSDT,NEARUSDT,TIAUSDT",,False,active,0,0,2,0,0.0,,2,2.825617,438,20,14,0.714286,5.874411,29.946425,6.714803,0
2026-05-26T10:38:31.869213+00:00,regime_filtered,persist,"INJUSDT,NEARUSDT,TIAUSDT","0-12,14-18,21-23",True,active,2,0,0,0,0.0,,2,2.825617,438,20,14,0.714286,5.874411,29.946425,6.714803,0
2026-05-26T10:38:32.514028+00:00,utc_01_cluster,dry_run,"INJUSDT,NEARUSDT,TIAUSDT",1,False,active,0,0,0,0,0.0,,2,2.825617,408,20,14,0.714286,5.874411,29.946425,6.714803,0
2026-05-26T10:43:34.249975+00:00,baseline,dry_run,"INJUSDT,NEARUSDT,TIAUSDT",,False,active,0,0,2,0,0.0,,2,3.287884,424,20,14,0.714286,5.874411,29.946425,6.714803,0
2026-05-26T10:43:34.902256+00:00,regime_filtered,persist,"INJUSDT,NEARUSDT,TIAUSDT","0-12,14-18,21-23",True,active,2,0,0,0,0.0,,2,3.287884,424,20,14,0.714286,5.874411,29.946425,6.714803,0
2026-05-26T10:43:35.547937+00:00,utc_01_cluster,dry_run,"INJUSDT,NEARUSDT,TIAUSDT",1,False,active,0,0,0,0,0.0,,2,3.287884,410,20,14,0.714286,5.874411,29.946425,6.714803,0
2026-05-26T10:48:37.489106+00:00,baseline,dry_run,"INJUSDT,NEARUSDT,TIAUSDT",,False,active,0,0,2,0,0.0,,2,4.009557,464,20,14,0.714286,5.874411,29.946425,6.714803,0
2026-05-26T10:48:38.140776+00:00,regime_filtered,persist,"INJUSDT,NEARUSDT,TIAUSDT","0-12,14-18,21-23",True,active,2,0,0,0,0.0,,2,4.009557,464,20,14,0.714286,5.874411,29.946425,6.714803,0
2026-05-26T10:48:38.776569+00:00,utc_01_cluster,dry_run,"INJUSDT,NEARUSDT,TIAUSDT",1,False,active,0,0,0,0,0.0,,2,4.009557,411,20,14,0.714286,5.874411,29.946425,6.714803,0
2026-05-26T10:53:40.345153+00:00,baseline,dry_run,"INJUSDT,NEARUSDT,TIAUSDT",,False,active,0,0,2,0,0.0,,2,4.04439,488,20,14,0.714286,5.874411,29.946425,6.714803,0
2026-05-26T10:53:41.001590+00:00,regime_filtered,persist,"INJUSDT,NEARUSDT,TIAUSDT","0-12,14-18,21-23",True,active,2,0,0,0,0.0,,2,4.04439,488,20,14,0.714286,5.874411,29.946425,6.714803,0
2026-05-26T10:53:41.648369+00:00,utc_01_cluster,dry_run,"INJUSDT,NEARUSDT,TIAUSDT",1,False,active,0,0,0,0,0.0,,2,4.04439,412,20,14,0.714286,5.874411,29.946425,6.714803,0
2026-05-26T10:58:43.366831+00:00,baseline,dry_run,"INJUSDT,NEARUSDT,TIAUSDT",,False,active,0,0,2,0,0.0,,2,5.06068,439,20,14,0.714286,5.874411,29.946425,6.714803,0
2026-05-26T10:58:44.016961+00:00,regime_filtered,persist,"INJUSDT,NEARUSDT,TIAUSDT","0-12,14-18,21-23",True,active,2,0,0,0,0.0,,2,5.06068,439,20,14,0.714286,5.874411,29.946425,6.714803,0
2026-05-26T10:58:44.652200+00:00,utc_01_cluster,dry_run,"INJUSDT,NEARUSDT,TIAUSDT",1,False,active,0,0,0,0,0.0,,2,5.06068,412,20,14,0.714286,5.874411,29.946425,6.714803,0
2026-05-26T11:03:46.409138+00:00,baseline,dry_run,"INJUSDT,NEARUSDT,TIAUSDT",,False,active,0,0,2,0,0.0,,2,5.68182,440,20,14,0.714286,5.874411,29.946425,6.714803,0
2026-05-26T11:03:47.055508+00:00,regime_filtered,persist,"INJUSDT,NEARUSDT,TIAUSDT","0-12,14-18,21-23",True,active,2,0,0,0,0.0,,2,5.68182,440,20,14,0.714286,5.874411,29.946425,6.714803,0
2026-05-26T11:03:47.699214+00:00,utc_01_cluster,dry_run,"INJUSDT,NEARUSDT,TIAUSDT",1,False,active,0,0,0,0,0.0,,2,5.68182,412,20,14,0.714286,5.874411,29.946425,6.714803,0
2026-05-26T11:08:49.234584+00:00,baseline,dry_run,"INJUSDT,NEARUSDT,TIAUSDT",,False,active,0,0,2,0,0.0,,2,5.498121,440,20,14,0.714286,5.874411,29.946425,6.714803,0
2026-05-26T11:08:49.887843+00:00,regime_filtered,persist,"INJUSDT,NEARUSDT,TIAUSDT","0-12,14-18,21-23",True,active,2,0,0,0,0.0,,2,5.498121,440,20,14,0.714286,5.874411,29.946425,6.714803,0
2026-05-26T11:08:50.528032+00:00,utc_01_cluster,dry_run,"INJUSDT,NEARUSDT,TIAUSDT",1,False,active,0,0,0,0,0.0,,2,5.498121,412,20,14,0.714286,5.874411,29.946425,6.714803,0
2026-05-26T11:13:52.079183+00:00,baseline,dry_run,"INJUSDT,NEARUSDT,TIAUSDT",,False,active,0,0,2,0,0.0,,2,7.16236,437,20,14,0.714286,5.874411,29.946425,6.714803,0
2026-05-26T11:13:52.723400+00:00,regime_filtered,persist,"INJUSDT,NEARUSDT,TIAUSDT","0-12,14-18,21-23",True,active,2,0,0,0,0.0,,2,7.16236,437,20,14,0.714286,5.874411,29.946425,6.714803,0
2026-05-26T11:13:53.357584+00:00,utc_01_cluster,dry_run,"INJUSDT,NEARUSDT,TIAUSDT",1,False,active,0,0,0,0,0.0,,2,7.16236,413,20,14,0.714286,5.874411,29.946425,6.714803,0
2026-05-26T11:18:54.883590+00:00,baseline,dry_run,"INJUSDT,NEARUSDT,TIAUSDT",,False,active,0,0,1,0,0.0,,2,7.429979,429,20,14,0.714286,5.874411,29.946425,6.714803,0
2026-05-26T11:18:55.530502+00:00,regime_filtered,persist,"INJUSDT,NEARUSDT,TIAUSDT","0-12,14-18,21-23",True,active,1,0,0,0,0.0,,2,7.429979,429,20,14,0.714286,5.874411,29.946425,6.714803,0
2026-05-26T11:18:56.173798+00:00,utc_01_cluster,dry_run,"INJUSDT,NEARUSDT,TIAUSDT",1,False,active,0,0,0,0,0.0,,2,7.429979,413,20,14,0.714286,5.874411,29.946425,6.714803,0
2026-05-26T11:23:57.684633+00:00,baseline,dry_run,"INJUSDT,NEARUSDT,TIAUSDT",,False,active,0,0,2,0,0.0,,2,7.129698,431,20,14,0.714286,5.874411,29.946425,6.714803,0
2026-05-26T11:23:58.350799+00:00,regime_filtered,persist,"INJUSDT,NEARUSDT,TIAUSDT","0-12,14-18,21-23",True,active,2,0,0,0,0.0,,2,7.129698,431,20,14,0.714286,5.874411,29.946425,6.714803,0
2026-05-26T11:23:58.996313+00:00,utc_01_cluster,dry_run,"INJUSDT,NEARUSDT,TIAUSDT",1,False,active,0,0,0,0,0.0,,2,7.129698,413,20,14,0.714286,5.874411,29.946425,6.714803,0
2026-05-26T11:29:00.543293+00:00,baseline,dry_run,"INJUSDT,NEARUSDT,TIAUSDT",,False,active,0,0,2,0,0.0,,2,7.27309,452,20,14,0.714286,5.874411,29.946425,6.714803,0
2026-05-26T11:29:01.192277+00:00,regime_filtered,persist,"INJUSDT,NEARUSDT,TIAUSDT","0-12,14-18,21-23",True,active,2,0,0,0,0.0,,2,7.27309,452,20,14,0.714286,5.874411,29.946425,6.714803,0
2026-05-26T11:29:01.829597+00:00,utc_01_cluster,dry_run,"INJUSDT,NEARUSDT,TIAUSDT",1,False,active,0,0,0,0,0.0,,2,7.27309,437,20,14,0.714286,5.874411,29.946425,6.714803,0
2026-05-26T11:34:03.764373+00:00,baseline,dry_run,"INJUSDT,NEARUSDT,TIAUSDT",,False,active,0,0,2,0,0.0,,2,8.974899,468,20,14,0.714286,5.874411,29.946425,6.714803,0
2026-05-26T11:34:04.439630+00:00,regime_filtered,persist,"INJUSDT,NEARUSDT,TIAUSDT","0-12,14-18,21-23",True,active,2,0,0,0,0.0,,2,8.974899,468,20,14,0.714286,5.874411,29.946425,6.714803,0
2026-05-26T11:34:05.091961+00:00,utc_01_cluster,dry_run,"INJUSDT,NEARUSDT,TIAUSDT",1,False,active,0,0,0,0,0.0,,2,8.974899,439,20,14,0.714286,5.874411,29.946425,6.714803,0
2026-05-26T11:39:06.676148+00:00,baseline,dry_run,"INJUSDT,NEARUSDT,TIAUSDT",,False,active,0,0,4,1,6.828626,1.0,2,1.444387,476,20,14,0.714286,5.874411,29.946425,6.714803,0
2026-05-26T11:39:07.326305+00:00,regime_filtered,persist,"INJUSDT,NEARUSDT,TIAUSDT","0-12,14-18,21-23",True,active,4,0,0,1,6.828626,1.0,2,1.444387,476,21,15,0.733333,6.985913,36.775051,6.714803,0
2026-05-26T11:39:07.964131+00:00,utc_01_cluster,dry_run,"INJUSDT,NEARUSDT,TIAUSDT",1,False,active,0,0,1,0,0.0,,2,1.444387,441,21,15,0.733333,6.985913,36.775051,6.714803,0
2026-05-26T11:44:09.702170+00:00,baseline,dry_run,"INJUSDT,NEARUSDT,TIAUSDT",,False,active,0,0,2,0,0.0,,2,1.220154,483,21,15,0.733333,6.985913,36.775051,6.714803,0
2026-05-26T11:44:10.364565+00:00,regime_filtered,persist,"INJUSDT,NEARUSDT,TIAUSDT","0-12,14-18,21-23",True,active,2,0,0,0,0.0,,2,1.220154,483,21,15,0.733333,6.985913,36.775051,6.714803,0
2026-05-26T11:44:10.999404+00:00,utc_01_cluster,dry_run,"INJUSDT,NEARUSDT,TIAUSDT",1,False,active,0,0,0,0,0.0,,2,1.220154,440,21,15,0.733333,6.985913,36.775051,6.714803,0
2026-05-26T11:49:12.530999+00:00,baseline,dry_run,"INJUSDT,NEARUSDT,TIAUSDT",,False,active,0,0,2,0,0.0,,2,1.772561,487,21,15,0.733333,6.985913,36.775051,6.714803,0
2026-05-26T11:49:13.193677+00:00,regime_filtered,persist,"INJUSDT,NEARUSDT,TIAUSDT","0-12,14-18,21-23",True,active,2,0,0,0,0.0,,2,1.772561,487,21,15,0.733333,6.985913,36.775051,6.714803,0
2026-05-26T11:49:13.831960+00:00,utc_01_cluster,dry_run,"INJUSDT,NEARUSDT,TIAUSDT",1,False,active,0,0,0,0,0.0,,2,1.772561,440,21,15,0.733333,6.985913,36.775051,6.714803,0
2026-05-26T11:54:16.176091+00:00,baseline,dry_run,"INJUSDT,NEARUSDT,TIAUSDT",,False,active,0,0,2,0,0.0,,2,-0.161762,477,21,15,0.733333,6.985913,36.775051,6.714803,0
2026-05-26T11:54:16.836050+00:00,regime_filtered,persist,"INJUSDT,NEARUSDT,TIAUSDT","0-12,14-18,21-23",True,active,2,0,0,0,0.0,,2,-0.161762,477,21,15,0.733333,6.985913,36.775051,6.714803,0
2026-05-26T11:54:17.481459+00:00,utc_01_cluster,dry_run,"INJUSDT,NEARUSDT,TIAUSDT",1,False,active,0,0,0,0,0.0,,2,-0.161762,440,21,15,0.733333,6.985913,36.775051,6.714803,0
2026-05-26T11:59:18.998409+00:00,baseline,dry_run,"INJUSDT,NEARUSDT,TIAUSDT",,False,active,0,0,2,0,0.0,,2,0.068095,486,21,15,0.733333,6.985913,36.775051,6.714803,0
2026-05-26T11:59:19.661116+00:00,regime_filtered,persist,"INJUSDT,NEARUSDT,TIAUSDT","0-12,14-18,21-23",True,active,2,0,0,0,0.0,,2,0.068095,486,21,15,0.733333,6.985913,36.775051,6.714803,0
2026-05-26T11:59:20.296472+00:00,utc_01_cluster,dry_run,"INJUSDT,NEARUSDT,TIAUSDT",1,False,active,0,0,0,0,0.0,,2,0.068095,440,21,15,0.733333,6.985913,36.775051,6.714803,0
2026-05-26T12:04:22.058443+00:00,baseline,dry_run,"INJUSDT,NEARUSDT,TIAUSDT",,False,active,0,0,2,0,0.0,,2,-2.111309,479,21,15,0.733333,6.985913,36.775051,6.714803,0
2026-05-26T12:04:22.715903+00:00,regime_filtered,persist,"INJUSDT,NEARUSDT,TIAUSDT","0-12,14-18,21-23",True,active,2,0,0,0,0.0,,2,-2.111309,479,21,15,0.733333,6.985913,36.775051,6.714803,0
2026-05-26T12:04:23.352393+00:00,utc_01_cluster,dry_run,"INJUSDT,NEARUSDT,TIAUSDT",1,False,active,0,0,0,0,0.0,,2,-2.111309,440,21,15,0.733333,6.985913,36.775051,6.714803,0
2026-05-26T12:09:25.314817+00:00,baseline,dry_run,"INJUSDT,NEARUSDT,TIAUSDT",,False,active,0,0,2,0,0.0,,2,-3.235021,483,21,15,0.733333,6.985913,36.775051,6.714803,0
2026-05-26T12:09:25.981888+00:00,regime_filtered,persist,"INJUSDT,NEARUSDT,TIAUSDT","0-12,14-18,21-23",True,active,2,0,0,0,0.0,,2,-3.235021,483,21,15,0.733333,6.985913,36.775051,6.714803,0
2026-05-26T12:09:26.621056+00:00,utc_01_cluster,dry_run,"INJUSDT,NEARUSDT,TIAUSDT",1,False,active,0,0,0,0,0.0,,2,-3.235021,440,21,15,0.733333,6.985913,36.775051,6.714803,0
2026-05-26T12:14:28.382597+00:00,baseline,dry_run,"INJUSDT,NEARUSDT,TIAUSDT",,False,active,0,0,2,0,0.0,,2,-1.956672,469,21,15,0.733333,6.985913,36.775051,6.714803,0
2026-05-26T12:14:29.045342+00:00,regime_filtered,persist,"INJUSDT,NEARUSDT,TIAUSDT","0-12,14-18,21-23",True,active,2,0,0,0,0.0,,2,-1.956672,469,21,15,0.733333,6.985913,36.775051,6.714803,0
2026-05-26T12:14:29.681893+00:00,utc_01_cluster,dry_run,"INJUSDT,NEARUSDT,TIAUSDT",1,False,active,0,0,0,0,0.0,,2,-1.956672,441,21,15,0.733333,6.985913,36.775051,6.714803,0
2026-05-26T12:19:31.229239+00:00,baseline,dry_run,"INJUSDT,NEARUSDT,TIAUSDT",,False,active,0,0,2,1,2.698687,1.0,1,-4.376132,513,21,15,0.733333,6.985913,36.775051,6.714803,0
2026-05-26T12:19:31.893571+00:00,regime_filtered,persist,"INJUSDT,NEARUSDT,TIAUSDT","0-12,14-18,21-23",True,active,2,0,0,1,2.698687,1.0,1,-4.376132,513,21,16,0.75,7.425181,39.473738,6.714803,0
2026-05-26T12:19:32.531603+00:00,utc_01_cluster,dry_run,"INJUSDT,NEARUSDT,TIAUSDT",1,False,active,0,0,0,0,0.0,,1,-4.376132,447,21,16,0.75,7.425181,39.473738,6.714803,0
2026-05-26T12:24:34.491345+00:00,baseline,dry_run,"INJUSDT,NEARUSDT,TIAUSDT",,False,active,0,0,1,1,-5.221854,0.0,0,0,484,21,16,0.75,7.425181,39.473738,6.714803,0
2026-05-26T12:24:35.139258+00:00,regime_filtered,persist,"INJUSDT,NEARUSDT,TIAUSDT","0-12,14-18,21-23",True,active,1,0,0,1,-5.221854,0.0,0,0,484,21,17,0.705882,4.013684,34.251884,6.714803,0
2026-05-26T12:24:35.775872+00:00,utc_01_cluster,dry_run,"INJUSDT,NEARUSDT,TIAUSDT",1,False,active,0,0,0,0,0.0,,0,0,474,21,17,0.705882,4.013684,34.251884,6.714803,0
2026-05-26T12:29:37.945231+00:00,baseline,dry_run,"INJUSDT,NEARUSDT,TIAUSDT",,False,active,0,0,0,0,0.0,,0,0,500,21,17,0.705882,4.013684,34.251884,6.714803,0
2026-05-26T12:29:38.602300+00:00,regime_filtered,persist,"INJUSDT,NEARUSDT,TIAUSDT","0-12,14-18,21-23",True,active,0,0,0,0,0.0,,0,0,500,21,17,0.705882,4.013684,34.251884,6.714803,0
2026-05-26T12:29:39.239453+00:00,utc_01_cluster,dry_run,"INJUSDT,NEARUSDT,TIAUSDT",1,False,active,0,0,0,0,0.0,,0,0,500,21,17,0.705882,4.013684,34.251884,6.714803,0
2026-05-26T12:34:41.197304+00:00,baseline,dry_run,"INJUSDT,NEARUSDT,TIAUSDT",,False,active,0,0,0,0,0.0,,0,0,520,21,17,0.705882,4.013684,34.251884,6.714803,0
2026-05-26T12:34:41.841915+00:00,regime_filtered,persist,"INJUSDT,NEARUSDT,TIAUSDT","0-12,14-18,21-23",True,active,0,0,0,0,0.0,,0,0,520,21,17,0.705882,4.013684,34.251884,6.714803,0
2026-05-26T12:34:42.480313+00:00,utc_01_cluster,dry_run,"INJUSDT,NEARUSDT,TIAUSDT",1,False,active,0,0,0,0,0.0,,0,0,520,21,17,0.705882,4.013684,34.251884,6.714803,0
2026-05-26T12:39:44.030472+00:00,baseline,dry_run,"INJUSDT,NEARUSDT,TIAUSDT",,False,active,0,0,0,0,0.0,,0,0,538,21,17,0.705882,4.013684,34.251884,6.714803,0
2026-05-26T12:39:44.681716+00:00,regime_filtered,persist,"INJUSDT,NEARUSDT,TIAUSDT","0-12,14-18,21-23",True,active,0,0,0,0,0.0,,0,0,538,21,17,0.705882,4.013684,34.251884,6.714803,0
2026-05-26T12:39:45.320858+00:00,utc_01_cluster,dry_run,"INJUSDT,NEARUSDT,TIAUSDT",1,False,active,0,0,0,0,0.0,,0,0,538,21,17,0.705882,4.013684,34.251884,6.714803,0
2026-05-26T12:44:46.863312+00:00,baseline,dry_run,"INJUSDT,NEARUSDT,TIAUSDT",,False,active,0,0,0,0,0.0,,0,0,566,21,17,0.705882,4.013684,34.251884,6.714803,0
2026-05-26T12:44:47.511653+00:00,regime_filtered,persist,"INJUSDT,NEARUSDT,TIAUSDT","0-12,14-18,21-23",True,active,0,0,0,0,0.0,,0,0,566,21,17,0.705882,4.013684,34.251884,6.714803,0
2026-05-26T12:44:48.150233+00:00,utc_01_cluster,dry_run,"INJUSDT,NEARUSDT,TIAUSDT",1,False,active,0,0,0,0,0.0,,0,0,566,21,17,0.705882,4.013684,34.251884,6.714803,0
2026-05-26T12:49:49.858378+00:00,baseline,dry_run,"INJUSDT,NEARUSDT,TIAUSDT",,False,active,0,0,0,0,0.0,,0,0,577,21,17,0.705882,4.013684,34.251884,6.714803,0
2026-05-26T12:49:50.503890+00:00,regime_filtered,persist,"INJUSDT,NEARUSDT,TIAUSDT","0-12,14-18,21-23",True,active,0,0,0,0,0.0,,0,0,577,21,17,0.705882,4.013684,34.251884,6.714803,0
2026-05-26T12:49:51.142973+00:00,utc_01_cluster,dry_run,"INJUSDT,NEARUSDT,TIAUSDT",1,False,active,0,0,0,0,0.0,,0,0,577,21,17,0.705882,4.013684,34.251884,6.714803,0
2026-05-26T12:54:52.679128+00:00,baseline,dry_run,"INJUSDT,NEARUSDT,TIAUSDT",,False,active,0,0,0,0,0.0,,0,0,599,21,17,0.705882,4.013684,34.251884,6.714803,0
2026-05-26T12:54:53.331625+00:00,regime_filtered,persist,"INJUSDT,NEARUSDT,TIAUSDT","0-12,14-18,21-23",True,active,0,0,0,0,0.0,,0,0,599,21,17,0.705882,4.013684,34.251884,6.714803,0
2026-05-26T12:54:53.970251+00:00,utc_01_cluster,dry_run,"INJUSDT,NEARUSDT,TIAUSDT",1,False,active,0,0,0,0,0.0,,0,0,599,21,17,0.705882,4.013684,34.251884,6.714803,0
2026-05-26T12:59:55.907161+00:00,baseline,dry_run,"INJUSDT,NEARUSDT,TIAUSDT",,False,active,0,0,0,0,0.0,,0,0,609,21,17,0.705882,4.013684,34.251884,6.714803,0
2026-05-26T12:59:56.556686+00:00,regime_filtered,persist,"INJUSDT,NEARUSDT,TIAUSDT","0-12,14-18,21-23",True,active,0,0,0,0,0.0,,0,0,609,21,17,0.705882,4.013684,34.251884,6.714803,0
2026-05-26T12:59:57.195660+00:00,utc_01_cluster,dry_run,"INJUSDT,NEARUSDT,TIAUSDT",1,False,active,0,0,0,0,0.0,,0,0,609,21,17,0.705882,4.013684,34.251884,6.714803,0
2026-05-26T13:04:59.136484+00:00,baseline,dry_run,"INJUSDT,NEARUSDT,TIAUSDT",,False,active,0,0,0,0,0.0,,0,0,626,21,17,0.705882,4.013684,34.251884,6.714803,0
2026-05-26T13:04:59.787518+00:00,regime_filtered,persist,"INJUSDT,NEARUSDT,TIAUSDT","0-12,14-18,21-23",True,active,0,0,0,0,0.0,,0,0,626,21,17,0.705882,4.013684,34.251884,6.714803,0
2026-05-26T13:05:00.428828+00:00,utc_01_cluster,dry_run,"INJUSDT,NEARUSDT,TIAUSDT",1,False,active,0,0,0,0,0.0,,0,0,626,21,17,0.705882,4.013684,34.251884,6.714803,0
2026-05-26T13:10:02.241035+00:00,baseline,dry_run,"INJUSDT,NEARUSDT,TIAUSDT",,False,active,0,0,0,0,0.0,,0,0,649,21,17,0.705882,4.013684,34.251884,6.714803,0
2026-05-26T13:10:02.903725+00:00,regime_filtered,persist,"INJUSDT,NEARUSDT,TIAUSDT","0-12,14-18,21-23",True,active,0,0,0,0,0.0,,0,0,649,21,17,0.705882,4.013684,34.251884,6.714803,0
2026-05-26T13:10:03.545448+00:00,utc_01_cluster,dry_run,"INJUSDT,NEARUSDT,TIAUSDT",1,False,active,0,0,0,0,0.0,,0,0,649,21,17,0.705882,4.013684,34.251884,6.714803,0
2026-05-26T13:15:05.512965+00:00,baseline,dry_run,"INJUSDT,NEARUSDT,TIAUSDT",,False,active,0,0,1,0,0.0,,1,0.0,658,21,17,0.705882,4.013684,34.251884,6.714803,0
2026-05-26T13:15:06.159086+00:00,regime_filtered,persist,"INJUSDT,NEARUSDT,TIAUSDT","0-12,14-18,21-23",True,active,0,0,0,0,0.0,,0,0,658,21,17,0.705882,4.013684,34.251884,6.714803,0
2026-05-26T13:15:06.798084+00:00,utc_01_cluster,dry_run,"INJUSDT,NEARUSDT,TIAUSDT",1,False,active,0,0,0,0,0.0,,0,0,658,21,17,0.705882,4.013684,34.251884,6.714803,0
2026-05-26T13:20:09.222111+00:00,baseline,dry_run,"INJUSDT,NEARUSDT,TIAUSDT",,False,active,0,0,2,0,0.0,,1,-0.145812,661,21,17,0.705882,4.013684,34.251884,6.714803,0
2026-05-26T13:20:09.877040+00:00,regime_filtered,persist,"INJUSDT,NEARUSDT,TIAUSDT","0-12,14-18,21-23",True,active,0,0,0,0,0.0,,0,0,661,21,17,0.705882,4.013684,34.251884,6.714803,0
2026-05-26T13:20:10.516972+00:00,utc_01_cluster,dry_run,"INJUSDT,NEARUSDT,TIAUSDT",1,False,active,0,0,0,0,0.0,,0,0,661,21,17,0.705882,4.013684,34.251884,6.714803,0
2026-05-26T13:25:12.513166+00:00,baseline,dry_run,"INJUSDT,NEARUSDT,TIAUSDT",,False,active,0,0,2,0,0.0,,1,-0.320787,689,21,17,0.705882,4.013684,34.251884,6.714803,0
2026-05-26T13:25:13.162104+00:00,regime_filtered,persist,"INJUSDT,NEARUSDT,TIAUSDT","0-12,14-18,21-23",True,active,0,0,0,0,0.0,,0,0,689,21,17,0.705882,4.013684,34.251884,6.714803,0
2026-05-26T13:25:13.802074+00:00,utc_01_cluster,dry_run,"INJUSDT,NEARUSDT,TIAUSDT",1,False,active,0,0,0,0,0.0,,0,0,689,21,17,0.705882,4.013684,34.251884,6.714803,0
2026-05-26T13:30:16.237738+00:00,baseline,dry_run,"INJUSDT,NEARUSDT,TIAUSDT",,False,active,0,0,2,0,0.0,,1,-0.349949,698,21,17,0.705882,4.013684,34.251884,6.714803,0
2026-05-26T13:30:16.885315+00:00,regime_filtered,persist,"INJUSDT,NEARUSDT,TIAUSDT","0-12,14-18,21-23",True,active,0,0,0,0,0.0,,0,0,698,21,17,0.705882,4.013684,34.251884,6.714803,0
2026-05-26T13:30:17.528090+00:00,utc_01_cluster,dry_run,"INJUSDT,NEARUSDT,TIAUSDT",1,False,active,0,0,0,0,0.0,,0,0,698,21,17,0.705882,4.013684,34.251884,6.714803,0
2026-05-26T13:35:19.717988+00:00,baseline,dry_run,"INJUSDT,NEARUSDT,TIAUSDT",,False,active,0,0,2,0,0.0,,1,-0.349949,703,21,17,0.705882,4.013684,34.251884,6.714803,0
2026-05-26T13:35:20.375485+00:00,regime_filtered,persist,"INJUSDT,NEARUSDT,TIAUSDT","0-12,14-18,21-23",True,active,0,0,0,0,0.0,,0,0,703,21,17,0.705882,4.013684,34.251884,6.714803,0
2026-05-26T13:35:21.016947+00:00,utc_01_cluster,dry_run,"INJUSDT,NEARUSDT,TIAUSDT",1,False,active,0,0,0,0,0.0,,0,0,703,21,17,0.705882,4.013684,34.251884,6.714803,0
2026-05-26T13:40:22.531622+00:00,baseline,dry_run,"INJUSDT,NEARUSDT,TIAUSDT",,False,active,0,0,4,0,0.0,,2,0.260703,763,21,17,0.705882,4.013684,34.251884,6.714803,0
2026-05-26T13:40:23.188080+00:00,regime_filtered,persist,"INJUSDT,NEARUSDT,TIAUSDT","0-12,14-18,21-23",True,active,0,0,0,0,0.0,,0,0,763,21,17,0.705882,4.013684,34.251884,6.714803,0
2026-05-26T13:40:23.830418+00:00,utc_01_cluster,dry_run,"INJUSDT,NEARUSDT,TIAUSDT",1,False,active,0,0,0,0,0.0,,0,0,763,21,17,0.705882,4.013684,34.251884,6.714803,0
2026-05-26T13:45:26.041465+00:00,baseline,dry_run,"INJUSDT,NEARUSDT,TIAUSDT",,False,active,0,0,4,0,0.0,,2,1.722606,852,21,17,0.705882,4.013684,34.251884,6.714803,0
2026-05-26T13:45:26.691682+00:00,regime_filtered,persist,"INJUSDT,NEARUSDT,TIAUSDT","0-12,14-18,21-23",True,active,0,0,0,0,0.0,,0,0,852,21,17,0.705882,4.013684,34.251884,6.714803,0
2026-05-26T13:45:27.337861+00:00,utc_01_cluster,dry_run,"INJUSDT,NEARUSDT,TIAUSDT",1,False,active,0,0,0,0,0.0,,0,0,852,21,17,0.705882,4.013684,34.251884,6.714803,0
2026-05-26T13:50:30.184070+00:00,baseline,dry_run,"INJUSDT,NEARUSDT,TIAUSDT",,False,active,0,0,4,0,0.0,,2,3.105893,931,21,17,0.705882,4.013684,34.251884,6.714803,0
2026-05-26T13:50:30.841657+00:00,regime_filtered,persist,"INJUSDT,NEARUSDT,TIAUSDT","0-12,14-18,21-23",True,active,0,0,0,0,0.0,,0,0,931,21,17,0.705882,4.013684,34.251884,6.714803,0
2026-05-26T13:50:31.486718+00:00,utc_01_cluster,dry_run,"INJUSDT,NEARUSDT,TIAUSDT",1,False,active,0,0,0,0,0.0,,0,0,931,21,17,0.705882,4.013684,34.251884,6.714803,0
2026-05-26T13:55:33.096586+00:00,baseline,dry_run,"INJUSDT,NEARUSDT,TIAUSDT",,False,active,0,0,4,0,0.0,,2,3.503536,976,21,17,0.705882,4.013684,34.251884,6.714803,0
2026-05-26T13:55:33.748525+00:00,regime_filtered,persist,"INJUSDT,NEARUSDT,TIAUSDT","0-12,14-18,21-23",True,active,0,0,0,0,0.0,,0,0,976,21,17,0.705882,4.013684,34.251884,6.714803,0
2026-05-26T13:55:34.395000+00:00,utc_01_cluster,dry_run,"INJUSDT,NEARUSDT,TIAUSDT",1,False,active,0,0,0,0,0.0,,0,0,976,21,17,0.705882,4.013684,34.251884,6.714803,0
2026-05-26T14:00:36.422132+00:00,baseline,dry_run,"INJUSDT,NEARUSDT,TIAUSDT",,False,active,0,0,4,0,0.0,,2,2.46432,999,21,17,0.705882,4.013684,34.251884,6.714803,0
2026-05-26T14:00:37.080659+00:00,regime_filtered,persist,"INJUSDT,NEARUSDT,TIAUSDT","0-12,14-18,21-23",True,active,0,0,0,0,0.0,,0,0,999,21,17,0.705882,4.013684,34.251884,6.714803,0
2026-05-26T14:00:37.726407+00:00,utc_01_cluster,dry_run,"INJUSDT,NEARUSDT,TIAUSDT",1,False,active,0,0,0,0,0.0,,0,0,999,21,17,0.705882,4.013684,34.251884,6.714803,0
2026-05-26T14:05:39.315330+00:00,baseline,dry_run,"INJUSDT,NEARUSDT,TIAUSDT",,False,active,0,0,4,0,0.0,,2,3.088411,1021,21,17,0.705882,4.013684,34.251884,6.714803,0
2026-05-26T14:05:39.970421+00:00,regime_filtered,persist,"INJUSDT,NEARUSDT,TIAUSDT","0-12,14-18,21-23",True,active,0,0,0,0,0.0,,0,0,1021,21,17,0.705882,4.013684,34.251884,6.714803,0
2026-05-26T14:05:40.616156+00:00,utc_01_cluster,dry_run,"INJUSDT,NEARUSDT,TIAUSDT",1,False,active,0,0,0,0,0.0,,0,0,1021,21,17,0.705882,4.013684,34.251884,6.714803,0
2026-05-26T14:10:43.017566+00:00,baseline,dry_run,"INJUSDT,NEARUSDT,TIAUSDT",,False,active,0,0,4,0,0.0,,2,3.363527,1041,21,17,0.705882,4.013684,34.251884,6.714803,0
2026-05-26T14:10:43.673039+00:00,regime_filtered,persist,"INJUSDT,NEARUSDT,TIAUSDT","0-12,14-18,21-23",True,active,0,0,0,0,0.0,,0,0,1041,21,17,0.705882,4.013684,34.251884,6.714803,0
2026-05-26T14:10:44.322418+00:00,utc_01_cluster,dry_run,"INJUSDT,NEARUSDT,TIAUSDT",1,False,active,0,0,0,0,0.0,,0,0,1041,21,17,0.705882,4.013684,34.251884,6.714803,0
2026-05-26T14:15:46.103426+00:00,baseline,dry_run,"INJUSDT,NEARUSDT,TIAUSDT",,False,active,0,0,4,0,0.0,,2,3.340953,1043,21,17,0.705882,4.013684,34.251884,6.714803,0
2026-05-26T14:15:46.764935+00:00,regime_filtered,persist,"INJUSDT,NEARUSDT,TIAUSDT","0-12,14-18,21-23",True,active,0,0,0,0,0.0,,0,0,1043,21,17,0.705882,4.013684,34.251884,6.714803,0
2026-05-26T14:15:47.412896+00:00,utc_01_cluster,dry_run,"INJUSDT,NEARUSDT,TIAUSDT",1,False,active,0,0,0,0,0.0,,0,0,1043,21,17,0.705882,4.013684,34.251884,6.714803,0
2026-05-26T14:20:50.037559+00:00,baseline,dry_run,"INJUSDT,NEARUSDT,TIAUSDT",,False,active,0,0,4,0,0.0,,2,3.530864,1052,21,17,0.705882,4.013684,34.251884,6.714803,0
2026-05-26T14:20:50.696523+00:00,regime_filtered,persist,"INJUSDT,NEARUSDT,TIAUSDT","0-12,14-18,21-23",True,active,0,0,0,0,0.0,,0,0,1052,21,17,0.705882,4.013684,34.251884,6.714803,0
2026-05-26T14:20:51.344343+00:00,utc_01_cluster,dry_run,"INJUSDT,NEARUSDT,TIAUSDT",1,False,active,0,0,0,0,0.0,,0,0,1052,21,17,0.705882,4.013684,34.251884,6.714803,0
2026-05-26T14:25:53.563795+00:00,baseline,dry_run,"INJUSDT,NEARUSDT,TIAUSDT",,False,active,0,0,4,0,0.0,,2,4.790464,1060,21,17,0.705882,4.013684,34.251884,6.714803,0
2026-05-26T14:25:54.218898+00:00,regime_filtered,persist,"INJUSDT,NEARUSDT,TIAUSDT","0-12,14-18,21-23",True,active,0,0,0,0,0.0,,0,0,1060,21,17,0.705882,4.013684,34.251884,6.714803,0
2026-05-26T14:25:54.867204+00:00,utc_01_cluster,dry_run,"INJUSDT,NEARUSDT,TIAUSDT",1,False,active,0,0,0,0,0.0,,0,0,1060,21,17,0.705882,4.013684,34.251884,6.714803,0
2026-05-26T14:30:56.884262+00:00,baseline,dry_run,"INJUSDT,NEARUSDT,TIAUSDT",,False,active,0,0,4,0,0.0,,2,4.673814,1080,21,17,0.705882,4.013684,34.251884,6.714803,0
2026-05-26T14:30:57.550422+00:00,regime_filtered,persist,"INJUSDT,NEARUSDT,TIAUSDT","0-12,14-18,21-23",True,active,0,0,0,0,0.0,,0,0,1080,21,17,0.705882,4.013684,34.251884,6.714803,0
2026-05-26T14:30:58.203041+00:00,utc_01_cluster,dry_run,"INJUSDT,NEARUSDT,TIAUSDT",1,False,active,0,0,0,0,0.0,,0,0,1080,21,17,0.705882,4.013684,34.251884,6.714803,0
2026-05-26T14:36:00.177265+00:00,baseline,dry_run,"INJUSDT,NEARUSDT,TIAUSDT",,False,active,0,0,4,0,0.0,,2,2.622336,1114,21,17,0.705882,4.013684,34.251884,6.714803,0
2026-05-26T14:36:00.834060+00:00,regime_filtered,persist,"INJUSDT,NEARUSDT,TIAUSDT","0-12,14-18,21-23",True,active,0,0,0,0,0.0,,0,0,1114,21,17,0.705882,4.013684,34.251884,6.714803,0
2026-05-26T14:36:01.485450+00:00,utc_01_cluster,dry_run,"INJUSDT,NEARUSDT,TIAUSDT",1,False,active,0,0,0,0,0.0,,0,0,1114,21,17,0.705882,4.013684,34.251884,6.714803,0
2026-05-26T14:40:15.735214+00:00,baseline,forward_optimized_long_ms_baseline,dry_run,"INJUSDT,NEARUSDT,TIAUSDT",,True,active,0,0,2,0,0.0,,1,-0.372264,300,0,0,,,0.0,0.0,0
2026-05-26T14:40:16.349668+00:00,regime_filtered,forward_optimized_long_ms_regime_filtered,dry_run,"INJUSDT,NEARUSDT,TIAUSDT","0-12,14-18,21-23",True,active,0,0,0,0,0.0,,0,0,300,0,0,,,0.0,0.0,0
2026-05-26T14:40:16.963524+00:00,utc_01_cluster,forward_optimized_long_ms_utc01,dry_run,"INJUSDT,NEARUSDT,TIAUSDT",1,True,active,0,0,0,0,0.0,,0,0,300,0,0,,,0.0,0.0,0
2026-05-26T14:41:03.299671+00:00,baseline,dry_run,"INJUSDT,NEARUSDT,TIAUSDT",,False,active,0,0,4,0,0.0,,2,2.958322,1116,21,17,0.705882,4.013684,34.251884,6.714803,0
2026-05-26T14:41:03.963950+00:00,regime_filtered,persist,"INJUSDT,NEARUSDT,TIAUSDT","0-12,14-18,21-23",True,active,0,0,0,0,0.0,,0,0,1116,21,17,0.705882,4.013684,34.251884,6.714803,0
2026-05-26T14:41:04.620551+00:00,utc_01_cluster,dry_run,"INJUSDT,NEARUSDT,TIAUSDT",1,False,active,0,0,0,0,0.0,,0,0,1116,21,17,0.705882,4.013684,34.251884,6.714803,0
2026-05-26T14:41:35.461629+00:00,baseline,forward_optimized_long_ms_baseline,persist,"INJUSDT,NEARUSDT,TIAUSDT",,True,active,8,0,0,2,0.932806,0.5,2,6.980319,2399,4,2,0.5,1.194326,0.932807,0.0,0
2026-05-26T14:41:36.218352+00:00,regime_filtered,forward_optimized_long_ms_regime_filtered,persist,"INJUSDT,NEARUSDT,TIAUSDT","0-12,14-18,21-23",True,active,6,0,0,2,0.932806,0.5,1,4.997273,2399,3,2,0.5,1.194326,0.932807,0.0,0
2026-05-26T14:41:36.875547+00:00,utc_01_cluster,forward_optimized_long_ms_utc01,persist,"INJUSDT,NEARUSDT,TIAUSDT",1,True,active,0,0,0,0,0.0,,0,0,2399,0,0,,,0.0,0.0,0
